id,no_serie,hora_partida,hora_chegada,partida,chegada
1,A320-003,2025-01-01 14:00:00,2025-01-01 17:00:00,OPO,LHR
2,A320-001,2025-01-01 14:00:00,2025-01-01 15:00:00,OPO,LIS
3,A330-003,2025-01-01 12:00:00,2025-01-01 13:00:00,OPO,BCN
4,B737-003,2025-01-01 15:00:00,2025-01-01 17:00:00,FCO,FRA
5,A320-002,2025-01-01 18:00:00,2025-01-01 19:00:00,LIS,OPO
6,A320-003,2025-01-02 07:00:00,2025-01-02 08:00:00,LHR,MAD
7,A330-002,2025-01-02 07:00:00,2025-01-02 09:00:00,CDG,FRA
8,A330-001,2025-01-02 15:00:00,2025-01-02 17:00:00,ORY,MAD
9,A320-002,2025-01-02 17:00:00,2025-01-02 19:00:00,OPO,LIS
10,B737-004,2025-01-02 07:00:00,2025-01-02 09:00:00,BCN,FCO
11,A320-002,2025-01-03 15:00:00,2025-01-03 16:00:00,LIS,MAD
12,A330-003,2025-01-03 06:00:00,2025-01-03 09:00:00,BCN,OPO
13,A330-001,2025-01-03 18:00:00,2025-01-03 20:00:00,MAD,ORY
14,A320-003,2025-01-03 19:00:00,2025-01-03 20:00:00,MAD,OPO
15,A330-002,2025-01-03 12:00:00,2025-01-03 14:00:00,FRA,OPO
16,B737-003,2025-01-04 16:00:00,2025-01-04 18:00:00,FRA,ORY
17,A330-002,2025-01-04 15:00:00,2025-01-04 18:00:00,OPO,CDG
18,B737-001,2025-01-04 14:00:00,2025-01-04 17:00:00,LHR,CDG
19,B737-004,2025-01-04 08:00:00,2025-01-04 10:00:00,FCO,ORY
20,A320-003,2025-01-04 10:00:00,2025-01-04 13:00:00,OPO,FRA
21,A330-003,2025-01-05 19:00:00,2025-01-05 20:00:00,OPO,LHR
22,B737-002,2025-01-05 12:00:00,2025-01-05 14:00:00,ORY,MAD
23,A330-002,2025-01-05 09:00:00,2025-01-05 12:00:00,CDG,OPO
24,A320-003,2025-01-05 09:00:00,2025-01-05 12:00:00,FRA,LGW
25,A320-001,2025-01-05 12:00:00,2025-01-05 15:00:00,LIS,FCO
26,B737-003,2025-01-06 14:00:00,2025-01-06 16:00:00,ORY,BCN
27,B737-001,2025-01-06 20:00:00,2025-01-06 23:00:00,CDG,FRA
28,A330-001,2025-01-06 11:00:00,2025-01-06 12:00:00,ORY,FRA
29,A320-002,2025-01-06 14:00:00,2025-01-06 16:00:00,MAD,CDG
30,A320-003,2025-01-06 18:00:00,2025-01-06 19:00:00,LGW,OPO
31,A320-002,2025-01-07 15:00:00,2025-01-07 16:00:00,CDG,FRA
32,B737-001,2025-01-07 12:00:00,2025-01-07 15:00:00,FRA,MAD
33,A330-003,2025-01-07 14:00:00,2025-01-07 16:00:00,LHR,FCO
34,A320-003,2025-01-07 19:00:00,2025-01-07 20:00:00,OPO,BCN
35,A330-002,2025-01-07 16:00:00,2025-01-07 19:00:00,OPO,CDG
36,A330-001,2025-01-08 13:00:00,2025-01-08 14:00:00,FRA,CDG
37,A330-002,2025-01-08 14:00:00,2025-01-08 15:00:00,CDG,LGW
38,A320-002,2025-01-08 20:00:00,2025-01-08 21:00:00,FRA,BCN
39,B737-001,2025-01-08 19:00:00,2025-01-08 22:00:00,MAD,LHR
40,B737-002,2025-01-08 15:00:00,2025-01-08 16:00:00,MAD,BCN
41,B737-001,2025-01-09 15:00:00,2025-01-09 17:00:00,LHR,LIS
42,A330-002,2025-01-09 06:00:00,2025-01-09 07:00:00,LGW,FCO
43,B737-004,2025-01-09 20:00:00,2025-01-09 22:00:00,ORY,MAD
44,A330-001,2025-01-09 06:00:00,2025-01-09 07:00:00,CDG,LHR
45,A320-003,2025-01-09 07:00:00,2025-01-09 10:00:00,BCN,OPO
46,B737-003,2025-01-10 14:00:00,2025-01-10 15:00:00,BCN,FRA
47,A320-002,2025-01-10 14:00:00,2025-01-10 17:00:00,BCN,LHR
48,B737-001,2025-01-10 09:00:00,2025-01-10 12:00:00,LIS,FRA
49,A330-003,2025-01-10 17:00:00,2025-01-10 19:00:00,FCO,ORY
50,A330-002,2025-01-10 16:00:00,2025-01-10 19:00:00,FCO,MAD
51,A330-002,2025-01-11 07:00:00,2025-01-11 09:00:00,MAD,ORY
52,B737-003,2025-01-11 15:00:00,2025-01-11 18:00:00,FRA,LIS
53,A330-003,2025-01-11 15:00:00,2025-01-11 16:00:00,ORY,LHR
54,A320-001,2025-01-11 07:00:00,2025-01-11 10:00:00,FCO,LIS
55,A320-002,2025-01-11 09:00:00,2025-01-11 10:00:00,LHR,LIS
56,A320-001,2025-01-12 16:00:00,2025-01-12 18:00:00,LIS,LGW
57,A330-002,2025-01-12 14:00:00,2025-01-12 15:00:00,ORY,LHR
58,A320-002,2025-01-12 09:00:00,2025-01-12 11:00:00,LIS,FCO
59,A330-001,2025-01-12 09:00:00,2025-01-12 10:00:00,LHR,FRA
60,B737-003,2025-01-12 16:00:00,2025-01-12 18:00:00,LIS,CDG
61,A330-002,2025-01-13 16:00:00,2025-01-13 19:00:00,LHR,LIS
62,A320-003,2025-01-13 06:00:00,2025-01-13 08:00:00,OPO,CDG
63,A330-003,2025-01-13 18:00:00,2025-01-13 19:00:00,LHR,MAD
64,B737-002,2025-01-13 09:00:00,2025-01-13 10:00:00,BCN,ORY
65,B737-004,2025-01-13 13:00:00,2025-01-13 14:00:00,MAD,BCN
66,A320-003,2025-01-14 13:00:00,2025-01-14 16:00:00,CDG,OPO
67,B737-001,2025-01-14 06:00:00,2025-01-14 09:00:00,FRA,OPO
68,A330-001,2025-01-14 19:00:00,2025-01-14 20:00:00,FRA,BCN
69,B737-002,2025-01-14 20:00:00,2025-01-14 21:00:00,ORY,OPO
70,A320-002,2025-01-14 12:00:00,2025-01-14 14:00:00,FCO,CDG
71,B737-003,2025-01-15 06:00:00,2025-01-15 08:00:00,CDG,FRA
72,B737-002,2025-01-15 20:00:00,2025-01-15 22:00:00,OPO,LGW
73,A320-003,2025-01-15 12:00:00,2025-01-15 15:00:00,OPO,LGW
74,A320-001,2025-01-15 16:00:00,2025-01-15 19:00:00,LGW,BCN
75,A320-002,2025-01-15 08:00:00,2025-01-15 09:00:00,CDG,FCO
76,A330-001,2025-01-16 06:00:00,2025-01-16 09:00:00,BCN,FCO
77,B737-002,2025-01-16 06:00:00,2025-01-16 07:00:00,LGW,MAD
78,A320-001,2025-01-16 14:00:00,2025-01-16 17:00:00,BCN,FRA
79,B737-004,2025-01-16 06:00:00,2025-01-16 09:00:00,BCN,CDG
80,A330-002,2025-01-16 19:00:00,2025-01-16 20:00:00,LIS,CDG
81,A320-002,2025-01-17 15:00:00,2025-01-17 18:00:00,FCO,ORY
82,B737-004,2025-01-17 15:00:00,2025-01-17 16:00:00,CDG,LIS
83,B737-002,2025-01-17 16:00:00,2025-01-17 19:00:00,MAD,FRA
84,B737-003,2025-01-17 11:00:00,2025-01-17 13:00:00,FRA,BCN
85,A320-001,2025-01-17 16:00:00,2025-01-17 19:00:00,FRA,ORY
86,A330-002,2025-01-18 13:00:00,2025-01-18 15:00:00,CDG,LGW
87,B737-002,2025-01-18 06:00:00,2025-01-18 08:00:00,FRA,OPO
88,A330-001,2025-01-18 07:00:00,2025-01-18 10:00:00,FCO,OPO
89,A330-003,2025-01-18 14:00:00,2025-01-18 16:00:00,MAD,ORY
90,A320-002,2025-01-18 20:00:00,2025-01-18 22:00:00,ORY,CDG
91,A320-002,2025-01-19 19:00:00,2025-01-19 22:00:00,CDG,FCO
92,B737-002,2025-01-19 15:00:00,2025-01-19 18:00:00,OPO,LGW
93,A330-002,2025-01-19 06:00:00,2025-01-19 09:00:00,LGW,BCN
94,B737-001,2025-01-19 10:00:00,2025-01-19 13:00:00,OPO,BCN
95,B737-004,2025-01-19 20:00:00,2025-01-19 21:00:00,LIS,CDG
96,A330-001,2025-01-20 10:00:00,2025-01-20 12:00:00,OPO,ORY
97,A320-002,2025-01-20 17:00:00,2025-01-20 19:00:00,FCO,ORY
98,A330-003,2025-01-20 16:00:00,2025-01-20 19:00:00,ORY,LHR
99,A330-002,2025-01-20 14:00:00,2025-01-20 16:00:00,BCN,LHR
100,B737-004,2025-01-20 20:00:00,2025-01-20 21:00:00,CDG,LGW
101,A320-002,2025-01-21 18:00:00,2025-01-21 19:00:00,ORY,MAD
102,A320-003,2025-01-21 08:00:00,2025-01-21 11:00:00,LGW,LHR
103,A330-001,2025-01-21 14:00:00,2025-01-21 17:00:00,ORY,FCO
104,A320-001,2025-01-21 14:00:00,2025-01-21 15:00:00,ORY,FRA
105,A330-003,2025-01-21 07:00:00,2025-01-21 10:00:00,LHR,OPO
106,B737-001,2025-01-22 08:00:00,2025-01-22 10:00:00,BCN,FCO
107,A330-003,2025-01-22 06:00:00,2025-01-22 08:00:00,OPO,ORY
108,A320-001,2025-01-22 20:00:00,2025-01-22 21:00:00,FRA,LGW
109,A320-003,2025-01-22 09:00:00,2025-01-22 12:00:00,LHR,MAD
110,B737-004,2025-01-22 16:00:00,2025-01-22 17:00:00,LGW,ORY
111,A330-002,2025-01-23 20:00:00,2025-01-23 21:00:00,LHR,CDG
112,A330-003,2025-01-23 18:00:00,2025-01-23 19:00:00,ORY,CDG
113,A320-003,2025-01-23 06:00:00,2025-01-23 07:00:00,MAD,FRA
114,A330-001,2025-01-23 18:00:00,2025-01-23 20:00:00,FCO,LGW
115,B737-004,2025-01-23 10:00:00,2025-01-23 11:00:00,ORY,LHR
116,A320-002,2025-01-24 09:00:00,2025-01-24 11:00:00,MAD,ORY
117,A320-003,2025-01-24 10:00:00,2025-01-24 11:00:00,FRA,LGW
118,A320-001,2025-01-24 06:00:00,2025-01-24 09:00:00,LGW,ORY
119,A330-003,2025-01-24 12:00:00,2025-01-24 14:00:00,CDG,LHR
120,B737-002,2025-01-24 19:00:00,2025-01-24 20:00:00,LGW,LHR
121,A330-001,2025-01-25 06:00:00,2025-01-25 07:00:00,LGW,MAD
122,A330-002,2025-01-25 08:00:00,2025-01-25 11:00:00,CDG,LGW
123,A320-003,2025-01-25 06:00:00,2025-01-25 07:00:00,LGW,LHR
124,A330-003,2025-01-25 11:00:00,2025-01-25 14:00:00,LHR,FRA
125,B737-004,2025-01-25 12:00:00,2025-01-25 15:00:00,LHR,MAD
126,A330-003,2025-01-26 06:00:00,2025-01-26 09:00:00,FRA,LHR
127,A320-002,2025-01-26 06:00:00,2025-01-26 09:00:00,ORY,FRA
128,A320-003,2025-01-26 16:00:00,2025-01-26 19:00:00,LHR,BCN
129,A330-001,2025-01-26 11:00:00,2025-01-26 13:00:00,MAD,ORY
130,B737-004,2025-01-26 16:00:00,2025-01-26 18:00:00,MAD,OPO
131,B737-004,2025-01-27 10:00:00,2025-01-27 13:00:00,OPO,BCN
132,A330-002,2025-01-27 11:00:00,2025-01-27 13:00:00,LGW,FRA
133,A320-002,2025-01-27 14:00:00,2025-01-27 15:00:00,FRA,LHR
134,A330-003,2025-01-27 12:00:00,2025-01-27 15:00:00,LHR,ORY
135,B737-001,2025-01-27 16:00:00,2025-01-27 19:00:00,FCO,MAD
136,B737-001,2025-01-28 10:00:00,2025-01-28 11:00:00,MAD,LHR
137,A330-001,2025-01-28 18:00:00,2025-01-28 21:00:00,ORY,FRA
138,A320-003,2025-01-28 13:00:00,2025-01-28 15:00:00,BCN,LGW
139,A330-003,2025-01-28 16:00:00,2025-01-28 17:00:00,ORY,FCO
140,A320-001,2025-01-28 13:00:00,2025-01-28 16:00:00,ORY,BCN
141,B737-001,2025-01-29 07:00:00,2025-01-29 08:00:00,LHR,MAD
142,A320-002,2025-01-29 09:00:00,2025-01-29 10:00:00,LHR,LGW
143,A330-001,2025-01-29 06:00:00,2025-01-29 07:00:00,FRA,CDG
144,B737-003,2025-01-29 13:00:00,2025-01-29 16:00:00,BCN,ORY
145,A330-002,2025-01-29 13:00:00,2025-01-29 15:00:00,FRA,OPO
146,B737-004,2025-01-30 08:00:00,2025-01-30 11:00:00,BCN,ORY
147,B737-002,2025-01-30 20:00:00,2025-01-30 21:00:00,LHR,LIS
148,A320-003,2025-01-30 09:00:00,2025-01-30 10:00:00,LGW,FRA
149,A330-003,2025-01-30 13:00:00,2025-01-30 14:00:00,FCO,BCN
150,B737-003,2025-01-30 09:00:00,2025-01-30 10:00:00,ORY,BCN
151,B737-003,2025-01-31 15:00:00,2025-01-31 17:00:00,BCN,FCO
152,B737-001,2025-01-31 15:00:00,2025-01-31 18:00:00,MAD,FCO
153,B737-004,2025-01-31 12:00:00,2025-01-31 15:00:00,ORY,BCN
154,A330-002,2025-01-31 20:00:00,2025-01-31 21:00:00,OPO,FCO
155,A330-001,2025-01-31 13:00:00,2025-01-31 15:00:00,CDG,FCO
156,B737-002,2025-02-01 13:00:00,2025-02-01 14:00:00,LIS,LGW
157,A330-001,2025-02-01 09:00:00,2025-02-01 11:00:00,FCO,LHR
158,B737-003,2025-02-01 11:00:00,2025-02-01 14:00:00,FCO,LGW
159,A330-002,2025-02-01 08:00:00,2025-02-01 09:00:00,FCO,OPO
160,A320-002,2025-02-01 12:00:00,2025-02-01 15:00:00,LGW,ORY
161,B737-001,2025-02-02 14:00:00,2025-02-02 16:00:00,FCO,LGW
162,B737-002,2025-02-02 06:00:00,2025-02-02 07:00:00,LGW,FRA
163,A320-002,2025-02-02 12:00:00,2025-02-02 15:00:00,ORY,FRA
164,A330-003,2025-02-02 19:00:00,2025-02-02 22:00:00,BCN,LIS
165,A320-003,2025-02-02 13:00:00,2025-02-02 14:00:00,FRA,MAD
166,A330-002,2025-02-03 17:00:00,2025-02-03 20:00:00,OPO,BCN
167,A330-001,2025-02-03 18:00:00,2025-02-03 21:00:00,LHR,BCN
168,A320-003,2025-02-03 13:00:00,2025-02-03 14:00:00,MAD,ORY
169,B737-003,2025-02-03 12:00:00,2025-02-03 14:00:00,LGW,LHR
170,B737-002,2025-02-03 12:00:00,2025-02-03 14:00:00,FRA,LIS
171,A320-003,2025-02-04 06:00:00,2025-02-04 08:00:00,ORY,BCN
172,B737-001,2025-02-04 07:00:00,2025-02-04 10:00:00,LGW,LIS
173,B737-003,2025-02-04 08:00:00,2025-02-04 10:00:00,LHR,FRA
174,A320-002,2025-02-04 06:00:00,2025-02-04 08:00:00,FRA,CDG
175,A330-001,2025-02-04 11:00:00,2025-02-04 12:00:00,BCN,MAD
176,B737-003,2025-02-05 18:00:00,2025-02-05 20:00:00,FRA,LHR
177,A330-002,2025-02-05 19:00:00,2025-02-05 20:00:00,BCN,LHR
178,A330-003,2025-02-05 06:00:00,2025-02-05 09:00:00,LIS,FCO
179,A320-003,2025-02-05 06:00:00,2025-02-05 08:00:00,BCN,FCO
180,B737-002,2025-02-05 16:00:00,2025-02-05 17:00:00,LIS,LHR
181,A320-001,2025-02-06 09:00:00,2025-02-06 10:00:00,BCN,CDG
182,B737-004,2025-02-06 16:00:00,2025-02-06 17:00:00,BCN,FRA
183,B737-002,2025-02-06 13:00:00,2025-02-06 16:00:00,LHR,ORY
184,A320-002,2025-02-06 18:00:00,2025-02-06 20:00:00,CDG,LGW
185,A330-003,2025-02-06 15:00:00,2025-02-06 18:00:00,FCO,CDG
186,A320-002,2025-02-07 20:00:00,2025-02-07 22:00:00,LGW,LIS
187,B737-001,2025-02-07 12:00:00,2025-02-07 15:00:00,LIS,FRA
188,A330-001,2025-02-07 07:00:00,2025-02-07 10:00:00,MAD,ORY
189,A320-001,2025-02-07 07:00:00,2025-02-07 10:00:00,CDG,LHR
190,B737-003,2025-02-07 19:00:00,2025-02-07 22:00:00,LHR,LGW
191,B737-004,2025-02-08 16:00:00,2025-02-08 18:00:00,FRA,MAD
192,A320-002,2025-02-08 14:00:00,2025-02-08 17:00:00,LIS,CDG
193,A320-001,2025-02-08 06:00:00,2025-02-08 08:00:00,LHR,MAD
194,B737-001,2025-02-08 07:00:00,2025-02-08 09:00:00,FRA,FCO
195,A330-001,2025-02-08 16:00:00,2025-02-08 18:00:00,ORY,MAD
196,B737-001,2025-02-09 15:00:00,2025-02-09 18:00:00,FCO,LHR
197,A320-003,2025-02-09 13:00:00,2025-02-09 15:00:00,FCO,FRA
198,B737-004,2025-02-09 11:00:00,2025-02-09 12:00:00,MAD,LHR
199,A330-002,2025-02-09 10:00:00,2025-02-09 12:00:00,LHR,OPO
200,A330-001,2025-02-09 18:00:00,2025-02-09 20:00:00,MAD,ORY
201,B737-004,2025-02-10 08:00:00,2025-02-10 10:00:00,LHR,MAD
202,A320-003,2025-02-10 11:00:00,2025-02-10 13:00:00,FRA,ORY
203,A330-002,2025-02-10 10:00:00,2025-02-10 13:00:00,OPO,MAD
204,A320-001,2025-02-10 14:00:00,2025-02-10 15:00:00,MAD,LHR
205,B737-002,2025-02-10 09:00:00,2025-02-10 10:00:00,ORY,BCN
206,B737-002,2025-02-11 16:00:00,2025-02-11 19:00:00,BCN,FRA
207,A320-003,2025-02-11 13:00:00,2025-02-11 14:00:00,ORY,FCO
208,B737-003,2025-02-11 10:00:00,2025-02-11 11:00:00,LGW,OPO
209,A330-001,2025-02-11 17:00:00,2025-02-11 18:00:00,ORY,FRA
210,A320-002,2025-02-11 16:00:00,2025-02-11 19:00:00,CDG,LGW
211,A330-002,2025-02-12 11:00:00,2025-02-12 13:00:00,MAD,BCN
212,B737-003,2025-02-12 10:00:00,2025-02-12 12:00:00,OPO,FCO
213,B737-004,2025-02-12 09:00:00,2025-02-12 10:00:00,MAD,LHR
214,B737-002,2025-02-12 11:00:00,2025-02-12 12:00:00,FRA,ORY
215,A330-003,2025-02-12 18:00:00,2025-02-12 21:00:00,CDG,BCN
216,B737-001,2025-02-13 17:00:00,2025-02-13 20:00:00,LHR,LGW
217,B737-002,2025-02-13 15:00:00,2025-02-13 17:00:00,ORY,BCN
218,A330-003,2025-02-13 19:00:00,2025-02-13 20:00:00,BCN,OPO
219,A330-002,2025-02-13 09:00:00,2025-02-13 11:00:00,BCN,LHR
220,B737-003,2025-02-13 10:00:00,2025-02-13 11:00:00,FCO,CDG
221,A330-003,2025-02-14 10:00:00,2025-02-14 13:00:00,OPO,BCN
222,B737-001,2025-02-14 16:00:00,2025-02-14 18:00:00,LGW,CDG
223,A330-001,2025-02-14 19:00:00,2025-02-14 20:00:00,FRA,OPO
224,A320-001,2025-02-14 13:00:00,2025-02-14 15:00:00,LHR,LGW
225,A320-003,2025-02-14 11:00:00,2025-02-14 12:00:00,FCO,FRA
226,A320-001,2025-02-15 13:00:00,2025-02-15 14:00:00,LGW,FRA
227,A330-001,2025-02-15 08:00:00,2025-02-15 09:00:00,OPO,LIS
228,B737-003,2025-02-15 07:00:00,2025-02-15 08:00:00,CDG,LGW
229,B737-004,2025-02-15 14:00:00,2025-02-15 16:00:00,LHR,OPO
230,A320-003,2025-02-15 18:00:00,2025-02-15 21:00:00,FRA,ORY
231,A320-003,2025-02-16 10:00:00,2025-02-16 13:00:00,ORY,FRA
232,B737-003,2025-02-16 15:00:00,2025-02-16 18:00:00,LGW,LIS
233,A330-003,2025-02-16 18:00:00,2025-02-16 19:00:00,BCN,OPO
234,B737-001,2025-02-16 10:00:00,2025-02-16 13:00:00,CDG,LHR
235,A330-001,2025-02-16 08:00:00,2025-02-16 09:00:00,LIS,CDG
236,B737-001,2025-02-17 13:00:00,2025-02-17 16:00:00,LHR,FRA
237,A330-003,2025-02-17 10:00:00,2025-02-17 11:00:00,OPO,FCO
238,A320-002,2025-02-17 10:00:00,2025-02-17 13:00:00,LGW,ORY
239,B737-003,2025-02-17 17:00:00,2025-02-17 19:00:00,LIS,LGW
240,A320-001,2025-02-17 16:00:00,2025-02-17 17:00:00,FRA,OPO
241,A330-001,2025-02-18 16:00:00,2025-02-18 17:00:00,CDG,LHR
242,B737-002,2025-02-18 19:00:00,2025-02-18 20:00:00,BCN,LHR
243,A320-003,2025-02-18 06:00:00,2025-02-18 07:00:00,FRA,OPO
244,A320-001,2025-02-18 15:00:00,2025-02-18 18:00:00,OPO,LGW
245,B737-004,2025-02-18 13:00:00,2025-02-18 14:00:00,OPO,LGW
246,B737-003,2025-02-19 13:00:00,2025-02-19 15:00:00,LGW,BCN
247,A330-001,2025-02-19 15:00:00,2025-02-19 16:00:00,LHR,OPO
248,A320-003,2025-02-19 17:00:00,2025-02-19 19:00:00,OPO,FRA
249,B737-001,2025-02-19 06:00:00,2025-02-19 07:00:00,FRA,LHR
250,A330-003,2025-02-19 16:00:00,2025-02-19 19:00:00,FCO,ORY
251,B737-004,2025-02-20 13:00:00,2025-02-20 16:00:00,LGW,CDG
252,A320-001,2025-02-20 20:00:00,2025-02-20 22:00:00,LGW,FCO
253,A330-001,2025-02-20 15:00:00,2025-02-20 17:00:00,OPO,ORY
254,B737-003,2025-02-20 07:00:00,2025-02-20 09:00:00,BCN,FRA
255,A330-003,2025-02-20 12:00:00,2025-02-20 14:00:00,ORY,MAD
256,A330-002,2025-02-21 10:00:00,2025-02-21 13:00:00,LHR,FCO
257,A320-002,2025-02-21 19:00:00,2025-02-21 22:00:00,ORY,FRA
258,B737-001,2025-02-21 13:00:00,2025-02-21 14:00:00,LHR,LIS
259,B737-003,2025-02-21 10:00:00,2025-02-21 12:00:00,FRA,LGW
260,B737-002,2025-02-21 18:00:00,2025-02-21 20:00:00,LHR,OPO
261,A330-003,2025-02-22 14:00:00,2025-02-22 16:00:00,MAD,ORY
262,A320-001,2025-02-22 16:00:00,2025-02-22 18:00:00,FCO,FRA
263,B737-003,2025-02-22 09:00:00,2025-02-22 11:00:00,LGW,LIS
264,B737-002,2025-02-22 08:00:00,2025-02-22 10:00:00,OPO,BCN
265,B737-004,2025-02-22 20:00:00,2025-02-22 23:00:00,CDG,FCO
266,B737-003,2025-02-23 17:00:00,2025-02-23 18:00:00,LIS,LHR
267,A320-002,2025-02-23 14:00:00,2025-02-23 15:00:00,FRA,LHR
268,A320-001,2025-02-23 12:00:00,2025-02-23 13:00:00,FRA,BCN
269,A330-002,2025-02-23 19:00:00,2025-02-23 20:00:00,FCO,ORY
270,A330-001,2025-02-23 07:00:00,2025-02-23 10:00:00,ORY,FCO
271,B737-001,2025-02-24 12:00:00,2025-02-24 14:00:00,LIS,LGW
272,B737-003,2025-02-24 09:00:00,2025-02-24 11:00:00,LHR,FCO
273,A330-001,2025-02-24 08:00:00,2025-02-24 10:00:00,FCO,BCN
274,A330-003,2025-02-24 20:00:00,2025-02-24 23:00:00,ORY,LHR
275,A330-002,2025-02-24 17:00:00,2025-02-24 18:00:00,ORY,BCN
276,A320-002,2025-02-25 19:00:00,2025-02-25 20:00:00,LHR,LGW
277,A330-001,2025-02-25 17:00:00,2025-02-25 19:00:00,BCN,LHR
278,A320-003,2025-02-25 19:00:00,2025-02-25 20:00:00,FRA,FCO
279,B737-001,2025-02-25 14:00:00,2025-02-25 16:00:00,LGW,FCO
280,A330-003,2025-02-25 11:00:00,2025-02-25 14:00:00,LHR,MAD
281,A330-003,2025-02-26 15:00:00,2025-02-26 17:00:00,MAD,ORY
282,A320-003,2025-02-26 19:00:00,2025-02-26 21:00:00,FCO,ORY
283,B737-003,2025-02-26 11:00:00,2025-02-26 14:00:00,FCO,LIS
284,B737-001,2025-02-26 17:00:00,2025-02-26 19:00:00,FCO,FRA
285,A320-002,2025-02-26 16:00:00,2025-02-26 19:00:00,LGW,FRA
286,B737-001,2025-02-27 19:00:00,2025-02-27 20:00:00,FRA,LGW
287,B737-003,2025-02-27 07:00:00,2025-02-27 10:00:00,LIS,FCO
288,A320-001,2025-02-27 06:00:00,2025-02-27 09:00:00,BCN,FRA
289,A320-002,2025-02-27 12:00:00,2025-02-27 15:00:00,FRA,CDG
290,A330-001,2025-02-27 07:00:00,2025-02-27 09:00:00,LHR,CDG
291,A330-001,2025-02-28 19:00:00,2025-02-28 22:00:00,CDG,MAD
292,A330-002,2025-02-28 12:00:00,2025-02-28 14:00:00,BCN,FCO
293,A320-003,2025-02-28 19:00:00,2025-02-28 22:00:00,ORY,FCO
294,A330-003,2025-02-28 15:00:00,2025-02-28 16:00:00,ORY,LIS
295,A320-001,2025-02-28 16:00:00,2025-02-28 19:00:00,FRA,ORY
296,A330-001,2025-03-01 13:00:00,2025-03-01 14:00:00,MAD,OPO
297,B737-002,2025-03-01 20:00:00,2025-03-01 21:00:00,BCN,LHR
298,A320-002,2025-03-01 11:00:00,2025-03-01 12:00:00,CDG,LIS
299,A330-003,2025-03-01 11:00:00,2025-03-01 13:00:00,LIS,LGW
300,A320-001,2025-03-01 08:00:00,2025-03-01 09:00:00,ORY,FRA
301,A330-003,2025-03-02 15:00:00,2025-03-02 17:00:00,LGW,OPO
302,A320-003,2025-03-02 13:00:00,2025-03-02 16:00:00,FCO,ORY
303,B737-001,2025-03-02 09:00:00,2025-03-02 11:00:00,LGW,CDG
304,A320-002,2025-03-02 13:00:00,2025-03-02 15:00:00,LIS,LGW
305,B737-004,2025-03-02 20:00:00,2025-03-02 22:00:00,FCO,LIS
306,A330-001,2025-03-03 15:00:00,2025-03-03 17:00:00,OPO,MAD
307,A330-003,2025-03-03 17:00:00,2025-03-03 19:00:00,OPO,FRA
308,B737-001,2025-03-03 19:00:00,2025-03-03 21:00:00,CDG,FCO
309,A320-001,2025-03-03 12:00:00,2025-03-03 14:00:00,FRA,ORY
310,B737-002,2025-03-03 09:00:00,2025-03-03 11:00:00,LHR,OPO
311,B737-004,2025-03-04 19:00:00,2025-03-04 22:00:00,LIS,OPO
312,A330-002,2025-03-04 10:00:00,2025-03-04 11:00:00,FCO,MAD
313,A330-001,2025-03-04 20:00:00,2025-03-04 23:00:00,MAD,LIS
314,A330-003,2025-03-04 19:00:00,2025-03-04 21:00:00,FRA,FCO
315,B737-001,2025-03-04 15:00:00,2025-03-04 17:00:00,FCO,ORY
316,B737-002,2025-03-05 16:00:00,2025-03-05 17:00:00,OPO,ORY
317,B737-004,2025-03-05 10:00:00,2025-03-05 12:00:00,OPO,LIS
318,A330-001,2025-03-05 15:00:00,2025-03-05 17:00:00,LIS,OPO
319,A330-002,2025-03-05 07:00:00,2025-03-05 09:00:00,MAD,CDG
320,A320-003,2025-03-05 17:00:00,2025-03-05 19:00:00,ORY,MAD
321,B737-001,2025-03-06 14:00:00,2025-03-06 17:00:00,ORY,MAD
322,B737-002,2025-03-06 19:00:00,2025-03-06 20:00:00,ORY,LGW
323,B737-004,2025-03-06 20:00:00,2025-03-06 22:00:00,LIS,LGW
324,A320-003,2025-03-06 17:00:00,2025-03-06 19:00:00,MAD,LHR
325,A330-001,2025-03-06 13:00:00,2025-03-06 14:00:00,OPO,CDG
326,B737-001,2025-03-07 07:00:00,2025-03-07 09:00:00,MAD,LGW
327,B737-002,2025-03-07 10:00:00,2025-03-07 13:00:00,LGW,LIS
328,A320-003,2025-03-07 13:00:00,2025-03-07 15:00:00,LHR,OPO
329,B737-003,2025-03-07 15:00:00,2025-03-07 17:00:00,FCO,LHR
330,A330-001,2025-03-07 07:00:00,2025-03-07 10:00:00,CDG,MAD
331,B737-002,2025-03-08 20:00:00,2025-03-08 23:00:00,LIS,MAD
332,B737-003,2025-03-08 16:00:00,2025-03-08 17:00:00,LHR,ORY
333,A320-001,2025-03-08 20:00:00,2025-03-08 23:00:00,ORY,FCO
334,A330-001,2025-03-08 16:00:00,2025-03-08 18:00:00,MAD,LHR
335,A320-003,2025-03-08 08:00:00,2025-03-08 09:00:00,OPO,CDG
336,A320-001,2025-03-09 20:00:00,2025-03-09 23:00:00,FCO,ORY
337,A330-001,2025-03-09 12:00:00,2025-03-09 14:00:00,LHR,CDG
338,B737-003,2025-03-09 16:00:00,2025-03-09 19:00:00,ORY,MAD
339,B737-004,2025-03-09 12:00:00,2025-03-09 15:00:00,LGW,BCN
340,A320-003,2025-03-09 20:00:00,2025-03-09 22:00:00,CDG,ORY
341,A320-002,2025-03-10 09:00:00,2025-03-10 11:00:00,LGW,MAD
342,B737-003,2025-03-10 09:00:00,2025-03-10 11:00:00,MAD,FCO
343,A320-003,2025-03-10 16:00:00,2025-03-10 18:00:00,ORY,OPO
344,B737-001,2025-03-10 20:00:00,2025-03-10 23:00:00,LGW,BCN
345,A320-001,2025-03-10 06:00:00,2025-03-10 08:00:00,ORY,MAD
346,A330-001,2025-03-11 16:00:00,2025-03-11 17:00:00,CDG,OPO
347,B737-002,2025-03-11 06:00:00,2025-03-11 08:00:00,MAD,LIS
348,A320-002,2025-03-11 08:00:00,2025-03-11 11:00:00,MAD,ORY
349,A320-003,2025-03-11 07:00:00,2025-03-11 10:00:00,OPO,LHR
350,A330-003,2025-03-11 15:00:00,2025-03-11 16:00:00,FCO,ORY
351,B737-002,2025-03-12 10:00:00,2025-03-12 11:00:00,LIS,OPO
352,A330-002,2025-03-12 14:00:00,2025-03-12 16:00:00,CDG,ORY
353,B737-001,2025-03-12 07:00:00,2025-03-12 10:00:00,BCN,CDG
354,A320-003,2025-03-12 08:00:00,2025-03-12 09:00:00,LHR,LIS
355,A330-001,2025-03-12 18:00:00,2025-03-12 19:00:00,OPO,MAD
356,B737-004,2025-03-13 08:00:00,2025-03-13 11:00:00,BCN,LIS
357,A330-002,2025-03-13 14:00:00,2025-03-13 15:00:00,ORY,FRA
358,A320-001,2025-03-13 13:00:00,2025-03-13 15:00:00,MAD,OPO
359,A320-002,2025-03-13 14:00:00,2025-03-13 17:00:00,ORY,MAD
360,B737-001,2025-03-13 13:00:00,2025-03-13 16:00:00,CDG,OPO
361,B737-002,2025-03-14 06:00:00,2025-03-14 08:00:00,OPO,LIS
362,A320-001,2025-03-14 12:00:00,2025-03-14 15:00:00,OPO,FRA
363,A330-001,2025-03-14 13:00:00,2025-03-14 16:00:00,MAD,OPO
364,B737-004,2025-03-14 07:00:00,2025-03-14 08:00:00,LIS,FCO
365,A330-002,2025-03-14 15:00:00,2025-03-14 16:00:00,FRA,LGW
366,A320-002,2025-03-15 17:00:00,2025-03-15 19:00:00,MAD,BCN
367,B737-001,2025-03-15 15:00:00,2025-03-15 18:00:00,OPO,FRA
368,A330-001,2025-03-15 13:00:00,2025-03-15 16:00:00,OPO,LGW
369,B737-003,2025-03-15 07:00:00,2025-03-15 10:00:00,FCO,MAD
370,A330-002,2025-03-15 19:00:00,2025-03-15 22:00:00,LGW,OPO
371,A330-003,2025-03-16 11:00:00,2025-03-16 13:00:00,ORY,FRA
372,B737-002,2025-03-16 12:00:00,2025-03-16 15:00:00,LIS,FRA
373,A320-003,2025-03-16 11:00:00,2025-03-16 13:00:00,LIS,CDG
374,B737-004,2025-03-16 16:00:00,2025-03-16 18:00:00,FCO,LGW
375,A320-002,2025-03-16 08:00:00,2025-03-16 11:00:00,BCN,LGW
376,B737-003,2025-03-17 12:00:00,2025-03-17 13:00:00,MAD,OPO
377,A320-002,2025-03-17 18:00:00,2025-03-17 19:00:00,LGW,MAD
378,A330-003,2025-03-17 06:00:00,2025-03-17 09:00:00,FRA,BCN
379,A320-003,2025-03-17 14:00:00,2025-03-17 16:00:00,CDG,BCN
380,A320-001,2025-03-17 12:00:00,2025-03-17 14:00:00,FRA,OPO
381,A320-003,2025-03-18 07:00:00,2025-03-18 10:00:00,BCN,LGW
382,A320-001,2025-03-18 09:00:00,2025-03-18 10:00:00,OPO,BCN
383,A330-001,2025-03-18 09:00:00,2025-03-18 10:00:00,LGW,FCO
384,B737-003,2025-03-18 19:00:00,2025-03-18 22:00:00,OPO,MAD
385,B737-001,2025-03-18 07:00:00,2025-03-18 09:00:00,FRA,LGW
386,B737-004,2025-03-19 06:00:00,2025-03-19 09:00:00,LGW,BCN
387,B737-002,2025-03-19 06:00:00,2025-03-19 07:00:00,FRA,LHR
388,A320-003,2025-03-19 17:00:00,2025-03-19 19:00:00,LGW,LHR
389,B737-003,2025-03-19 11:00:00,2025-03-19 12:00:00,MAD,LGW
390,A330-001,2025-03-19 19:00:00,2025-03-19 20:00:00,FCO,CDG
391,B737-004,2025-03-20 07:00:00,2025-03-20 10:00:00,BCN,LIS
392,A320-003,2025-03-20 09:00:00,2025-03-20 11:00:00,LHR,BCN
393,A320-002,2025-03-20 13:00:00,2025-03-20 15:00:00,MAD,FRA
394,B737-003,2025-03-20 11:00:00,2025-03-20 13:00:00,LGW,CDG
395,A330-002,2025-03-20 18:00:00,2025-03-20 21:00:00,OPO,MAD
396,B737-004,2025-03-21 16:00:00,2025-03-21 17:00:00,LIS,OPO
397,A320-002,2025-03-21 13:00:00,2025-03-21 16:00:00,FRA,LHR
398,A320-001,2025-03-21 13:00:00,2025-03-21 16:00:00,BCN,MAD
399,A330-003,2025-03-21 12:00:00,2025-03-21 14:00:00,BCN,FRA
400,A320-003,2025-03-21 18:00:00,2025-03-21 21:00:00,BCN,ORY
401,A320-002,2025-03-22 14:00:00,2025-03-22 17:00:00,LHR,FCO
402,A330-002,2025-03-22 06:00:00,2025-03-22 07:00:00,MAD,LHR
403,A320-003,2025-03-22 15:00:00,2025-03-22 16:00:00,ORY,FRA
404,A320-001,2025-03-22 09:00:00,2025-03-22 11:00:00,MAD,LIS
405,B737-001,2025-03-22 18:00:00,2025-03-22 19:00:00,LGW,ORY
406,A330-001,2025-03-23 17:00:00,2025-03-23 19:00:00,CDG,FCO
407,B737-004,2025-03-23 08:00:00,2025-03-23 10:00:00,OPO,ORY
408,A330-002,2025-03-23 17:00:00,2025-03-23 18:00:00,LHR,BCN
409,A320-001,2025-03-23 14:00:00,2025-03-23 17:00:00,LIS,BCN
410,A320-003,2025-03-23 07:00:00,2025-03-23 09:00:00,FRA,LGW
411,A320-001,2025-03-24 15:00:00,2025-03-24 17:00:00,BCN,LGW
412,A320-003,2025-03-24 17:00:00,2025-03-24 20:00:00,LGW,FRA
413,B737-004,2025-03-24 10:00:00,2025-03-24 11:00:00,ORY,FRA
414,B737-002,2025-03-24 06:00:00,2025-03-24 08:00:00,LHR,FRA
415,B737-003,2025-03-24 18:00:00,2025-03-24 21:00:00,CDG,ORY
416,B737-003,2025-03-25 12:00:00,2025-03-25 15:00:00,ORY,LHR
417,A330-002,2025-03-25 14:00:00,2025-03-25 15:00:00,BCN,MAD
418,A320-002,2025-03-25 19:00:00,2025-03-25 21:00:00,FCO,MAD
419,B737-002,2025-03-25 09:00:00,2025-03-25 11:00:00,FRA,LGW
420,A320-001,2025-03-25 07:00:00,2025-03-25 10:00:00,LGW,CDG
421,A320-002,2025-03-26 17:00:00,2025-03-26 20:00:00,MAD,LGW
422,A330-003,2025-03-26 09:00:00,2025-03-26 10:00:00,FRA,CDG
423,B737-002,2025-03-26 10:00:00,2025-03-26 11:00:00,LGW,CDG
424,A320-003,2025-03-26 15:00:00,2025-03-26 16:00:00,FRA,CDG
425,B737-001,2025-03-26 08:00:00,2025-03-26 11:00:00,ORY,OPO
426,B737-003,2025-03-27 19:00:00,2025-03-27 22:00:00,LHR,MAD
427,B737-004,2025-03-27 08:00:00,2025-03-27 10:00:00,FRA,LGW
428,A330-003,2025-03-27 13:00:00,2025-03-27 15:00:00,CDG,OPO
429,A330-002,2025-03-27 18:00:00,2025-03-27 20:00:00,MAD,LHR
430,A330-001,2025-03-27 11:00:00,2025-03-27 14:00:00,FCO,LIS
431,A320-002,2025-03-28 11:00:00,2025-03-28 13:00:00,LGW,LIS
432,A330-001,2025-03-28 16:00:00,2025-03-28 17:00:00,LIS,CDG
433,B737-003,2025-03-28 12:00:00,2025-03-28 14:00:00,MAD,BCN
434,B737-002,2025-03-28 18:00:00,2025-03-28 21:00:00,CDG,BCN
435,A320-001,2025-03-28 13:00:00,2025-03-28 16:00:00,CDG,LIS
436,B737-002,2025-03-29 13:00:00,2025-03-29 14:00:00,BCN,LIS
437,A330-002,2025-03-29 17:00:00,2025-03-29 18:00:00,LHR,MAD
438,B737-003,2025-03-29 16:00:00,2025-03-29 17:00:00,BCN,FCO
439,A330-001,2025-03-29 09:00:00,2025-03-29 12:00:00,CDG,LIS
440,A320-002,2025-03-29 13:00:00,2025-03-29 16:00:00,LIS,FCO
441,A330-003,2025-03-30 12:00:00,2025-03-30 14:00:00,OPO,FRA
442,B737-001,2025-03-30 18:00:00,2025-03-30 21:00:00,OPO,LIS
443,A330-002,2025-03-30 07:00:00,2025-03-30 09:00:00,MAD,LGW
444,B737-004,2025-03-30 14:00:00,2025-03-30 17:00:00,LGW,OPO
445,A320-003,2025-03-30 10:00:00,2025-03-30 12:00:00,CDG,FRA
446,B737-004,2025-03-31 20:00:00,2025-03-31 22:00:00,OPO,ORY
447,B737-001,2025-03-31 16:00:00,2025-03-31 19:00:00,LIS,LGW
448,A330-002,2025-03-31 08:00:00,2025-03-31 11:00:00,LGW,FRA
449,A320-001,2025-03-31 10:00:00,2025-03-31 13:00:00,LIS,CDG
450,A330-001,2025-03-31 16:00:00,2025-03-31 18:00:00,LIS,FRA
451,B737-001,2025-04-01 14:00:00,2025-04-01 16:00:00,LGW,FRA
452,A330-003,2025-04-01 11:00:00,2025-04-01 13:00:00,FRA,LIS
453,A320-002,2025-04-01 09:00:00,2025-04-01 11:00:00,FCO,CDG
454,A330-002,2025-04-01 09:00:00,2025-04-01 10:00:00,FRA,FCO
455,A320-003,2025-04-01 08:00:00,2025-04-01 09:00:00,FRA,CDG
456,A330-001,2025-04-02 15:00:00,2025-04-02 17:00:00,FRA,CDG
457,A320-002,2025-04-02 08:00:00,2025-04-02 09:00:00,CDG,ORY
458,A320-001,2025-04-02 17:00:00,2025-04-02 19:00:00,CDG,ORY
459,A330-002,2025-04-02 12:00:00,2025-04-02 14:00:00,FCO,LIS
460,B737-001,2025-04-02 13:00:00,2025-04-02 16:00:00,FRA,ORY
461,A330-001,2025-04-03 18:00:00,2025-04-03 20:00:00,CDG,LGW
462,B737-003,2025-04-03 11:00:00,2025-04-03 14:00:00,FCO,ORY
463,B737-002,2025-04-03 13:00:00,2025-04-03 15:00:00,LIS,FCO
464,B737-004,2025-04-03 14:00:00,2025-04-03 17:00:00,ORY,FRA
465,A320-002,2025-04-03 08:00:00,2025-04-03 09:00:00,ORY,FRA
466,B737-004,2025-04-04 19:00:00,2025-04-04 21:00:00,FRA,FCO
467,B737-001,2025-04-04 20:00:00,2025-04-04 21:00:00,ORY,BCN
468,A330-001,2025-04-04 19:00:00,2025-04-04 20:00:00,LGW,BCN
469,A320-001,2025-04-04 07:00:00,2025-04-04 08:00:00,ORY,LGW
470,A330-002,2025-04-04 13:00:00,2025-04-04 16:00:00,LIS,LGW
471,B737-001,2025-04-05 20:00:00,2025-04-05 21:00:00,BCN,LGW
472,A320-003,2025-04-05 06:00:00,2025-04-05 08:00:00,CDG,FRA
473,A320-002,2025-04-05 11:00:00,2025-04-05 12:00:00,FRA,BCN
474,B737-003,2025-04-05 07:00:00,2025-04-05 09:00:00,ORY,FRA
475,B737-002,2025-04-05 06:00:00,2025-04-05 08:00:00,FCO,ORY
476,A320-002,2025-04-06 20:00:00,2025-04-06 22:00:00,BCN,LHR
477,A330-002,2025-04-06 18:00:00,2025-04-06 21:00:00,LGW,CDG
478,B737-001,2025-04-06 13:00:00,2025-04-06 16:00:00,LGW,FCO
479,B737-004,2025-04-06 20:00:00,2025-04-06 21:00:00,FCO,LIS
480,A320-001,2025-04-06 10:00:00,2025-04-06 11:00:00,LGW,LIS
481,B737-001,2025-04-07 10:00:00,2025-04-07 11:00:00,FCO,ORY
482,A330-003,2025-04-07 09:00:00,2025-04-07 11:00:00,LIS,OPO
483,A320-003,2025-04-07 07:00:00,2025-04-07 08:00:00,FRA,FCO
484,A320-001,2025-04-07 15:00:00,2025-04-07 18:00:00,LIS,FCO
485,B737-004,2025-04-07 16:00:00,2025-04-07 19:00:00,LIS,OPO
486,B737-004,2025-04-08 15:00:00,2025-04-08 17:00:00,OPO,LIS
487,B737-002,2025-04-08 15:00:00,2025-04-08 17:00:00,ORY,LHR
488,B737-001,2025-04-08 16:00:00,2025-04-08 19:00:00,ORY,CDG
489,B737-003,2025-04-08 14:00:00,2025-04-08 16:00:00,FRA,OPO
490,A330-003,2025-04-08 14:00:00,2025-04-08 17:00:00,OPO,CDG
491,A330-003,2025-04-09 16:00:00,2025-04-09 18:00:00,CDG,LIS
492,B737-004,2025-04-09 10:00:00,2025-04-09 13:00:00,LIS,MAD
493,A320-001,2025-04-09 11:00:00,2025-04-09 12:00:00,FCO,LIS
494,B737-002,2025-04-09 09:00:00,2025-04-09 12:00:00,LHR,MAD
495,A320-003,2025-04-09 18:00:00,2025-04-09 21:00:00,FCO,OPO
496,A330-002,2025-04-10 19:00:00,2025-04-10 22:00:00,CDG,MAD
497,B737-001,2025-04-10 19:00:00,2025-04-10 22:00:00,CDG,ORY
498,A320-001,2025-04-10 17:00:00,2025-04-10 19:00:00,LIS,FCO
499,A330-003,2025-04-10 18:00:00,2025-04-10 19:00:00,LIS,ORY
500,A330-001,2025-04-10 17:00:00,2025-04-10 19:00:00,BCN,OPO
501,A320-001,2025-04-11 11:00:00,2025-04-11 13:00:00,FCO,LIS
502,A330-001,2025-04-11 12:00:00,2025-04-11 15:00:00,OPO,BCN
503,B737-002,2025-04-11 10:00:00,2025-04-11 11:00:00,MAD,FCO
504,B737-004,2025-04-11 10:00:00,2025-04-11 12:00:00,MAD,ORY
505,A320-002,2025-04-11 19:00:00,2025-04-11 22:00:00,LHR,LIS
506,A330-002,2025-04-12 20:00:00,2025-04-12 22:00:00,MAD,FRA
507,A330-001,2025-04-12 20:00:00,2025-04-12 22:00:00,BCN,FRA
508,A320-002,2025-04-12 08:00:00,2025-04-12 10:00:00,LIS,MAD
509,A320-003,2025-04-12 11:00:00,2025-04-12 14:00:00,OPO,FCO
510,B737-001,2025-04-12 18:00:00,2025-04-12 19:00:00,ORY,LGW
511,A320-003,2025-04-13 10:00:00,2025-04-13 12:00:00,FCO,BCN
512,A320-002,2025-04-13 07:00:00,2025-04-13 09:00:00,MAD,OPO
513,B737-004,2025-04-13 10:00:00,2025-04-13 12:00:00,ORY,LGW
514,A330-001,2025-04-13 08:00:00,2025-04-13 11:00:00,FRA,MAD
515,A330-003,2025-04-13 11:00:00,2025-04-13 13:00:00,ORY,FCO
516,A320-001,2025-04-14 07:00:00,2025-04-14 10:00:00,LIS,OPO
517,A330-002,2025-04-14 11:00:00,2025-04-14 14:00:00,FRA,MAD
518,A320-003,2025-04-14 06:00:00,2025-04-14 07:00:00,BCN,CDG
519,B737-001,2025-04-14 06:00:00,2025-04-14 07:00:00,LGW,FCO
520,A330-003,2025-04-14 09:00:00,2025-04-14 12:00:00,FCO,OPO
521,A330-002,2025-04-15 16:00:00,2025-04-15 18:00:00,MAD,CDG
522,B737-004,2025-04-15 11:00:00,2025-04-15 13:00:00,LGW,MAD
523,A320-003,2025-04-15 15:00:00,2025-04-15 16:00:00,CDG,OPO
524,A330-001,2025-04-15 11:00:00,2025-04-15 13:00:00,MAD,BCN
525,A320-001,2025-04-15 16:00:00,2025-04-15 18:00:00,OPO,MAD
526,B737-002,2025-04-16 14:00:00,2025-04-16 16:00:00,FCO,FRA
527,A320-002,2025-04-16 07:00:00,2025-04-16 09:00:00,OPO,BCN
528,A320-001,2025-04-16 17:00:00,2025-04-16 19:00:00,MAD,LHR
529,A330-002,2025-04-16 15:00:00,2025-04-16 17:00:00,CDG,LHR
530,A330-003,2025-04-16 09:00:00,2025-04-16 10:00:00,OPO,FCO
531,B737-001,2025-04-17 07:00:00,2025-04-17 10:00:00,FCO,FRA
532,A320-002,2025-04-17 16:00:00,2025-04-17 18:00:00,BCN,LGW
533,B737-003,2025-04-17 14:00:00,2025-04-17 17:00:00,OPO,CDG
534,A330-003,2025-04-17 20:00:00,2025-04-17 22:00:00,FCO,LHR
535,A330-002,2025-04-17 17:00:00,2025-04-17 20:00:00,LHR,CDG
536,B737-001,2025-04-18 09:00:00,2025-04-18 11:00:00,FRA,CDG
537,A330-002,2025-04-18 11:00:00,2025-04-18 14:00:00,CDG,LIS
538,B737-002,2025-04-18 13:00:00,2025-04-18 16:00:00,FRA,LGW
539,A320-001,2025-04-18 15:00:00,2025-04-18 16:00:00,LHR,CDG
540,A320-002,2025-04-18 10:00:00,2025-04-18 12:00:00,LGW,OPO
541,B737-003,2025-04-19 08:00:00,2025-04-19 10:00:00,CDG,OPO
542,A330-003,2025-04-19 13:00:00,2025-04-19 15:00:00,LHR,OPO
543,A320-003,2025-04-19 11:00:00,2025-04-19 12:00:00,OPO,BCN
544,B737-004,2025-04-19 16:00:00,2025-04-19 19:00:00,MAD,BCN
545,B737-002,2025-04-19 18:00:00,2025-04-19 19:00:00,LGW,CDG
546,A320-003,2025-04-20 08:00:00,2025-04-20 10:00:00,BCN,FCO
547,A330-003,2025-04-20 08:00:00,2025-04-20 10:00:00,OPO,ORY
548,A320-001,2025-04-20 11:00:00,2025-04-20 14:00:00,CDG,LHR
549,B737-004,2025-04-20 19:00:00,2025-04-20 20:00:00,BCN,LHR
550,B737-003,2025-04-20 09:00:00,2025-04-20 12:00:00,OPO,LGW
551,A330-003,2025-04-21 07:00:00,2025-04-21 10:00:00,ORY,BCN
552,A330-001,2025-04-21 15:00:00,2025-04-21 18:00:00,BCN,CDG
553,B737-001,2025-04-21 08:00:00,2025-04-21 11:00:00,CDG,ORY
554,A330-002,2025-04-21 19:00:00,2025-04-21 22:00:00,LIS,MAD
555,B737-003,2025-04-21 19:00:00,2025-04-21 20:00:00,LGW,LIS
556,A320-002,2025-04-22 15:00:00,2025-04-22 18:00:00,OPO,FRA
557,A320-001,2025-04-22 13:00:00,2025-04-22 16:00:00,LHR,LIS
558,A330-001,2025-04-22 10:00:00,2025-04-22 13:00:00,CDG,BCN
559,A330-002,2025-04-22 13:00:00,2025-04-22 14:00:00,MAD,LHR
560,B737-004,2025-04-22 10:00:00,2025-04-22 12:00:00,LHR,FRA
561,A320-002,2025-04-23 13:00:00,2025-04-23 14:00:00,FRA,FCO
562,A320-001,2025-04-23 15:00:00,2025-04-23 16:00:00,LIS,MAD
563,B737-001,2025-04-23 19:00:00,2025-04-23 22:00:00,ORY,MAD
564,B737-002,2025-04-23 17:00:00,2025-04-23 19:00:00,CDG,MAD
565,A320-003,2025-04-23 08:00:00,2025-04-23 10:00:00,FCO,MAD
566,A330-003,2025-04-24 07:00:00,2025-04-24 09:00:00,BCN,FRA
567,B737-004,2025-04-24 09:00:00,2025-04-24 10:00:00,FRA,FCO
568,A320-002,2025-04-24 06:00:00,2025-04-24 08:00:00,FCO,OPO
569,B737-001,2025-04-24 19:00:00,2025-04-24 22:00:00,MAD,FRA
570,B737-003,2025-04-24 09:00:00,2025-04-24 10:00:00,LIS,FRA
571,A330-002,2025-04-25 14:00:00,2025-04-25 16:00:00,LHR,FCO
572,B737-004,2025-04-25 20:00:00,2025-04-25 22:00:00,FCO,FRA
573,B737-002,2025-04-25 06:00:00,2025-04-25 07:00:00,MAD,FCO
574,A320-003,2025-04-25 14:00:00,2025-04-25 16:00:00,MAD,FRA
575,A320-002,2025-04-25 09:00:00,2025-04-25 12:00:00,OPO,LHR
576,A330-002,2025-04-26 10:00:00,2025-04-26 13:00:00,FCO,FRA
577,A320-001,2025-04-26 19:00:00,2025-04-26 20:00:00,MAD,LIS
578,A330-003,2025-04-26 08:00:00,2025-04-26 10:00:00,FRA,MAD
579,B737-001,2025-04-26 18:00:00,2025-04-26 20:00:00,FRA,LGW
580,B737-002,2025-04-26 06:00:00,2025-04-26 08:00:00,FCO,LGW
581,A320-001,2025-04-27 07:00:00,2025-04-27 09:00:00,LIS,LGW
582,A330-003,2025-04-27 13:00:00,2025-04-27 16:00:00,MAD,BCN
583,B737-002,2025-04-27 19:00:00,2025-04-27 22:00:00,LGW,LHR
584,B737-001,2025-04-27 08:00:00,2025-04-27 09:00:00,LGW,OPO
585,A330-001,2025-04-27 11:00:00,2025-04-27 13:00:00,BCN,MAD
586,A330-003,2025-04-28 12:00:00,2025-04-28 15:00:00,BCN,FCO
587,A330-002,2025-04-28 06:00:00,2025-04-28 07:00:00,FRA,LIS
588,B737-001,2025-04-28 17:00:00,2025-04-28 19:00:00,OPO,ORY
589,A320-002,2025-04-28 14:00:00,2025-04-28 16:00:00,LHR,FCO
590,A330-001,2025-04-28 15:00:00,2025-04-28 18:00:00,MAD,CDG
591,B737-001,2025-04-29 15:00:00,2025-04-29 17:00:00,ORY,LGW
592,A330-002,2025-04-29 19:00:00,2025-04-29 22:00:00,LIS,BCN
593,A330-003,2025-04-29 13:00:00,2025-04-29 16:00:00,FCO,BCN
594,A320-002,2025-04-29 13:00:00,2025-04-29 14:00:00,FCO,LHR
595,B737-002,2025-04-29 11:00:00,2025-04-29 14:00:00,LHR,MAD
596,A320-002,2025-04-30 15:00:00,2025-04-30 17:00:00,LHR,LIS
597,A320-003,2025-04-30 16:00:00,2025-04-30 19:00:00,FRA,LHR
598,A330-001,2025-04-30 17:00:00,2025-04-30 18:00:00,CDG,LHR
599,A330-003,2025-04-30 08:00:00,2025-04-30 11:00:00,BCN,FRA
600,A330-002,2025-04-30 08:00:00,2025-04-30 11:00:00,BCN,MAD
601,B737-002,2025-05-01 11:00:00,2025-05-01 13:00:00,MAD,FCO
602,A320-001,2025-05-01 12:00:00,2025-05-01 15:00:00,LGW,CDG
603,A320-002,2025-05-01 12:00:00,2025-05-01 15:00:00,LIS,LHR
604,B737-003,2025-05-01 19:00:00,2025-05-01 22:00:00,FRA,FCO
605,A330-003,2025-05-01 17:00:00,2025-05-01 18:00:00,FRA,LIS
606,A330-003,2025-05-02 12:00:00,2025-05-02 14:00:00,LIS,BCN
607,B737-002,2025-05-02 13:00:00,2025-05-02 16:00:00,FCO,CDG
608,A330-002,2025-05-02 14:00:00,2025-05-02 16:00:00,MAD,LGW
609,B737-003,2025-05-02 15:00:00,2025-05-02 17:00:00,FCO,LHR
610,B737-004,2025-05-02 09:00:00,2025-05-02 11:00:00,FRA,ORY
611,A330-003,2025-05-03 17:00:00,2025-05-03 20:00:00,BCN,ORY
612,A330-001,2025-05-03 11:00:00,2025-05-03 13:00:00,LHR,FCO
613,B737-002,2025-05-03 14:00:00,2025-05-03 17:00:00,CDG,MAD
614,B737-001,2025-05-03 10:00:00,2025-05-03 11:00:00,LGW,LHR
615,A320-003,2025-05-03 12:00:00,2025-05-03 14:00:00,LHR,BCN
616,A330-002,2025-05-04 11:00:00,2025-05-04 13:00:00,LGW,OPO
617,B737-001,2025-05-04 17:00:00,2025-05-04 19:00:00,LHR,LGW
618,A330-001,2025-05-04 09:00:00,2025-05-04 12:00:00,FCO,ORY
619,A320-001,2025-05-04 20:00:00,2025-05-04 23:00:00,CDG,LGW
620,A330-003,2025-05-04 08:00:00,2025-05-04 09:00:00,ORY,LGW
621,B737-004,2025-05-05 09:00:00,2025-05-05 12:00:00,ORY,BCN
622,B737-002,2025-05-05 06:00:00,2025-05-05 07:00:00,MAD,ORY
623,A330-003,2025-05-05 11:00:00,2025-05-05 14:00:00,LGW,FRA
624,A320-001,2025-05-05 07:00:00,2025-05-05 10:00:00,LGW,FCO
625,A330-002,2025-05-05 06:00:00,2025-05-05 09:00:00,OPO,ORY
626,B737-001,2025-05-06 18:00:00,2025-05-06 20:00:00,LGW,ORY
627,A320-003,2025-05-06 10:00:00,2025-05-06 13:00:00,BCN,LGW
628,B737-003,2025-05-06 20:00:00,2025-05-06 21:00:00,LHR,LIS
629,B737-002,2025-05-06 14:00:00,2025-05-06 17:00:00,ORY,LHR
630,A330-002,2025-05-06 20:00:00,2025-05-06 21:00:00,ORY,LIS
631,A320-003,2025-05-07 08:00:00,2025-05-07 11:00:00,LGW,FCO
632,B737-001,2025-05-07 20:00:00,2025-05-07 21:00:00,ORY,LGW
633,A320-001,2025-05-07 10:00:00,2025-05-07 13:00:00,FCO,LIS
634,B737-004,2025-05-07 20:00:00,2025-05-07 22:00:00,BCN,OPO
635,B737-002,2025-05-07 13:00:00,2025-05-07 16:00:00,LHR,LGW
636,A330-003,2025-05-08 10:00:00,2025-05-08 11:00:00,FRA,FCO
637,B737-004,2025-05-08 11:00:00,2025-05-08 12:00:00,OPO,CDG
638,B737-003,2025-05-08 16:00:00,2025-05-08 18:00:00,LIS,FCO
639,A320-002,2025-05-08 06:00:00,2025-05-08 09:00:00,LHR,CDG
640,A330-001,2025-05-08 18:00:00,2025-05-08 20:00:00,ORY,MAD
641,B737-004,2025-05-09 19:00:00,2025-05-09 21:00:00,CDG,FRA
642,B737-002,2025-05-09 11:00:00,2025-05-09 12:00:00,LGW,BCN
643,B737-001,2025-05-09 16:00:00,2025-05-09 17:00:00,LGW,FRA
644,A330-001,2025-05-09 08:00:00,2025-05-09 10:00:00,MAD,CDG
645,A330-002,2025-05-09 20:00:00,2025-05-09 21:00:00,LIS,MAD
646,A320-001,2025-05-10 11:00:00,2025-05-10 13:00:00,LIS,LGW
647,A330-001,2025-05-10 10:00:00,2025-05-10 13:00:00,CDG,LIS
648,A320-003,2025-05-10 17:00:00,2025-05-10 18:00:00,FCO,LGW
649,A320-002,2025-05-10 16:00:00,2025-05-10 17:00:00,CDG,LIS
650,B737-002,2025-05-10 10:00:00,2025-05-10 11:00:00,BCN,FRA
651,A320-003,2025-05-11 11:00:00,2025-05-11 14:00:00,LGW,LHR
652,A330-003,2025-05-11 09:00:00,2025-05-11 10:00:00,FCO,ORY
653,A330-001,2025-05-11 08:00:00,2025-05-11 10:00:00,LIS,FCO
654,A330-002,2025-05-11 12:00:00,2025-05-11 15:00:00,MAD,LGW
655,A320-001,2025-05-11 20:00:00,2025-05-11 22:00:00,LGW,BCN
656,A330-003,2025-05-12 14:00:00,2025-05-12 16:00:00,ORY,OPO
657,B737-002,2025-05-12 17:00:00,2025-05-12 19:00:00,FRA,BCN
658,B737-004,2025-05-12 20:00:00,2025-05-12 23:00:00,FRA,OPO
659,A330-002,2025-05-12 06:00:00,2025-05-12 09:00:00,LGW,OPO
660,A330-001,2025-05-12 09:00:00,2025-05-12 12:00:00,FCO,BCN
661,A330-003,2025-05-13 07:00:00,2025-05-13 10:00:00,OPO,FCO
662,B737-001,2025-05-13 17:00:00,2025-05-13 20:00:00,FRA,ORY
663,B737-004,2025-05-13 18:00:00,2025-05-13 19:00:00,OPO,FCO
664,B737-003,2025-05-13 08:00:00,2025-05-13 11:00:00,FCO,FRA
665,A330-001,2025-05-13 13:00:00,2025-05-13 16:00:00,BCN,MAD
666,A320-001,2025-05-14 12:00:00,2025-05-14 14:00:00,BCN,LIS
667,A330-003,2025-05-14 17:00:00,2025-05-14 18:00:00,FCO,LIS
668,B737-003,2025-05-14 06:00:00,2025-05-14 08:00:00,FRA,OPO
669,A330-002,2025-05-14 17:00:00,2025-05-14 18:00:00,OPO,MAD
670,B737-001,2025-05-14 06:00:00,2025-05-14 07:00:00,ORY,BCN
671,B737-003,2025-05-15 18:00:00,2025-05-15 21:00:00,OPO,ORY
672,A320-001,2025-05-15 11:00:00,2025-05-15 13:00:00,LIS,FRA
673,A330-001,2025-05-15 19:00:00,2025-05-15 21:00:00,MAD,FCO
674,B737-002,2025-05-15 07:00:00,2025-05-15 10:00:00,BCN,MAD
675,A320-002,2025-05-15 08:00:00,2025-05-15 11:00:00,LIS,BCN
676,A330-002,2025-05-16 08:00:00,2025-05-16 11:00:00,MAD,BCN
677,A320-002,2025-05-16 19:00:00,2025-05-16 20:00:00,BCN,ORY
678,B737-001,2025-05-16 10:00:00,2025-05-16 12:00:00,BCN,LIS
679,A330-001,2025-05-16 12:00:00,2025-05-16 15:00:00,FCO,BCN
680,B737-002,2025-05-16 19:00:00,2025-05-16 20:00:00,MAD,FRA
681,B737-002,2025-05-17 20:00:00,2025-05-17 23:00:00,FRA,ORY
682,B737-003,2025-05-17 06:00:00,2025-05-17 09:00:00,ORY,OPO
683,A330-002,2025-05-17 15:00:00,2025-05-17 16:00:00,BCN,MAD
684,A320-002,2025-05-17 09:00:00,2025-05-17 10:00:00,ORY,LHR
685,B737-001,2025-05-17 15:00:00,2025-05-17 16:00:00,LIS,CDG
686,B737-003,2025-05-18 13:00:00,2025-05-18 14:00:00,OPO,FRA
687,A320-001,2025-05-18 09:00:00,2025-05-18 10:00:00,FRA,BCN
688,B737-002,2025-05-18 14:00:00,2025-05-18 16:00:00,ORY,CDG
689,A330-002,2025-05-18 19:00:00,2025-05-18 22:00:00,MAD,ORY
690,A330-003,2025-05-18 15:00:00,2025-05-18 18:00:00,LIS,MAD
691,A330-002,2025-05-19 09:00:00,2025-05-19 11:00:00,ORY,BCN
692,B737-002,2025-05-19 10:00:00,2025-05-19 11:00:00,CDG,LGW
693,A330-001,2025-05-19 15:00:00,2025-05-19 18:00:00,BCN,FCO
694,A320-002,2025-05-19 16:00:00,2025-05-19 19:00:00,LHR,CDG
695,B737-004,2025-05-19 14:00:00,2025-05-19 16:00:00,FCO,MAD
696,A320-001,2025-05-20 17:00:00,2025-05-20 19:00:00,BCN,LGW
697,A330-002,2025-05-20 08:00:00,2025-05-20 10:00:00,BCN,MAD
698,A320-003,2025-05-20 08:00:00,2025-05-20 11:00:00,LHR,FRA
699,B737-003,2025-05-20 09:00:00,2025-05-20 10:00:00,FRA,FCO
700,A330-001,2025-05-20 19:00:00,2025-05-20 22:00:00,FCO,LHR
701,B737-001,2025-05-21 14:00:00,2025-05-21 17:00:00,CDG,FRA
702,B737-003,2025-05-21 12:00:00,2025-05-21 13:00:00,FCO,CDG
703,A320-001,2025-05-21 09:00:00,2025-05-21 11:00:00,LGW,LHR
704,A330-001,2025-05-21 20:00:00,2025-05-21 22:00:00,LHR,OPO
705,B737-002,2025-05-21 07:00:00,2025-05-21 10:00:00,LGW,MAD
706,B737-002,2025-05-22 19:00:00,2025-05-22 20:00:00,MAD,LIS
707,A320-001,2025-05-22 18:00:00,2025-05-22 21:00:00,LHR,ORY
708,A330-001,2025-05-22 09:00:00,2025-05-22 11:00:00,OPO,BCN
709,B737-004,2025-05-22 19:00:00,2025-05-22 21:00:00,MAD,ORY
710,A330-002,2025-05-22 20:00:00,2025-05-22 21:00:00,MAD,LHR
711,B737-002,2025-05-23 17:00:00,2025-05-23 20:00:00,LIS,LHR
712,B737-004,2025-05-23 12:00:00,2025-05-23 13:00:00,ORY,LHR
713,A320-002,2025-05-23 11:00:00,2025-05-23 13:00:00,CDG,BCN
714,A330-002,2025-05-23 13:00:00,2025-05-23 16:00:00,LHR,FRA
715,A330-003,2025-05-23 10:00:00,2025-05-23 12:00:00,MAD,LGW
716,A330-002,2025-05-24 18:00:00,2025-05-24 20:00:00,FRA,FCO
717,A330-003,2025-05-24 11:00:00,2025-05-24 13:00:00,LGW,ORY
718,B737-003,2025-05-24 06:00:00,2025-05-24 09:00:00,CDG,FRA
719,B737-002,2025-05-24 17:00:00,2025-05-24 18:00:00,LHR,ORY
720,A320-001,2025-05-24 10:00:00,2025-05-24 13:00:00,ORY,LIS
721,B737-004,2025-05-25 09:00:00,2025-05-25 11:00:00,LHR,MAD
722,A320-003,2025-05-25 13:00:00,2025-05-25 16:00:00,FRA,ORY
723,A330-001,2025-05-25 10:00:00,2025-05-25 12:00:00,BCN,LGW
724,A320-002,2025-05-25 13:00:00,2025-05-25 14:00:00,BCN,FRA
725,A330-003,2025-05-25 08:00:00,2025-05-25 09:00:00,ORY,MAD
726,A330-003,2025-05-26 14:00:00,2025-05-26 15:00:00,MAD,LIS
727,B737-003,2025-05-26 19:00:00,2025-05-26 22:00:00,FRA,OPO
728,B737-001,2025-05-26 18:00:00,2025-05-26 19:00:00,FRA,LIS
729,A330-001,2025-05-26 08:00:00,2025-05-26 11:00:00,LGW,FRA
730,A330-002,2025-05-26 07:00:00,2025-05-26 10:00:00,FCO,ORY
731,B737-001,2025-05-27 06:00:00,2025-05-27 09:00:00,LIS,MAD
732,A320-001,2025-05-27 16:00:00,2025-05-27 18:00:00,LIS,FCO
733,B737-002,2025-05-27 06:00:00,2025-05-27 09:00:00,ORY,LIS
734,A330-001,2025-05-27 12:00:00,2025-05-27 13:00:00,FRA,BCN
735,B737-003,2025-05-27 14:00:00,2025-05-27 17:00:00,OPO,LIS
736,A330-001,2025-05-28 18:00:00,2025-05-28 19:00:00,BCN,MAD
737,A330-003,2025-05-28 20:00:00,2025-05-28 21:00:00,LIS,CDG
738,B737-004,2025-05-28 08:00:00,2025-05-28 09:00:00,MAD,BCN
739,A320-001,2025-05-28 15:00:00,2025-05-28 18:00:00,FCO,ORY
740,B737-003,2025-05-28 19:00:00,2025-05-28 21:00:00,LIS,LGW
741,A330-001,2025-05-29 15:00:00,2025-05-29 16:00:00,MAD,FCO
742,A320-003,2025-05-29 10:00:00,2025-05-29 13:00:00,ORY,LHR
743,A320-002,2025-05-29 16:00:00,2025-05-29 19:00:00,FRA,OPO
744,B737-001,2025-05-29 07:00:00,2025-05-29 09:00:00,MAD,LIS
745,B737-002,2025-05-29 12:00:00,2025-05-29 15:00:00,LIS,FRA
746,B737-003,2025-05-30 13:00:00,2025-05-30 15:00:00,LGW,OPO
747,A320-001,2025-05-30 15:00:00,2025-05-30 16:00:00,ORY,MAD
748,A330-003,2025-05-30 20:00:00,2025-05-30 21:00:00,CDG,BCN
749,A330-002,2025-05-30 09:00:00,2025-05-30 12:00:00,ORY,LHR
750,A320-002,2025-05-30 10:00:00,2025-05-30 11:00:00,OPO,FCO
751,A320-002,2025-05-31 09:00:00,2025-05-31 12:00:00,FCO,LIS
752,A330-001,2025-05-31 18:00:00,2025-05-31 21:00:00,FCO,CDG
753,A320-001,2025-05-31 20:00:00,2025-05-31 21:00:00,MAD,FRA
754,B737-004,2025-05-31 08:00:00,2025-05-31 11:00:00,BCN,LHR
755,B737-001,2025-05-31 15:00:00,2025-05-31 17:00:00,LIS,LHR
756,A330-003,2025-06-01 18:00:00,2025-06-01 21:00:00,BCN,CDG
757,A330-002,2025-06-01 14:00:00,2025-06-01 17:00:00,LHR,OPO
758,A320-003,2025-06-01 06:00:00,2025-06-01 07:00:00,LHR,MAD
759,B737-003,2025-06-01 09:00:00,2025-06-01 10:00:00,OPO,FRA
760,B737-004,2025-06-01 15:00:00,2025-06-01 18:00:00,LHR,MAD
761,B737-004,2025-06-02 18:00:00,2025-06-02 20:00:00,MAD,LHR
762,A320-003,2025-06-02 09:00:00,2025-06-02 11:00:00,MAD,FCO
763,A330-002,2025-06-02 12:00:00,2025-06-02 14:00:00,OPO,BCN
764,A320-001,2025-06-02 16:00:00,2025-06-02 19:00:00,FRA,CDG
765,B737-003,2025-06-02 07:00:00,2025-06-02 10:00:00,FRA,MAD
766,A330-001,2025-06-03 12:00:00,2025-06-03 15:00:00,CDG,ORY
767,B737-002,2025-06-03 17:00:00,2025-06-03 19:00:00,FRA,CDG
768,A320-002,2025-06-03 11:00:00,2025-06-03 12:00:00,LIS,MAD
769,A320-001,2025-06-03 06:00:00,2025-06-03 08:00:00,CDG,OPO
770,B737-001,2025-06-03 11:00:00,2025-06-03 13:00:00,LHR,FCO
771,A320-002,2025-06-04 14:00:00,2025-06-04 17:00:00,MAD,FCO
772,B737-001,2025-06-04 12:00:00,2025-06-04 13:00:00,FCO,BCN
773,B737-004,2025-06-04 07:00:00,2025-06-04 09:00:00,LHR,LIS
774,B737-003,2025-06-04 07:00:00,2025-06-04 10:00:00,MAD,BCN
775,B737-002,2025-06-04 19:00:00,2025-06-04 21:00:00,CDG,MAD
776,A320-001,2025-06-05 20:00:00,2025-06-05 21:00:00,OPO,BCN
777,A330-001,2025-06-05 08:00:00,2025-06-05 11:00:00,ORY,BCN
778,A320-003,2025-06-05 08:00:00,2025-06-05 09:00:00,FCO,MAD
779,B737-002,2025-06-05 10:00:00,2025-06-05 12:00:00,MAD,LHR
780,B737-004,2025-06-05 08:00:00,2025-06-05 09:00:00,LIS,FCO
781,B737-001,2025-06-06 18:00:00,2025-06-06 19:00:00,BCN,FRA
782,A320-003,2025-06-06 10:00:00,2025-06-06 11:00:00,MAD,LGW
783,A330-001,2025-06-06 15:00:00,2025-06-06 18:00:00,BCN,FRA
784,B737-002,2025-06-06 13:00:00,2025-06-06 14:00:00,LHR,ORY
785,B737-004,2025-06-06 10:00:00,2025-06-06 11:00:00,FCO,CDG
786,A320-003,2025-06-07 11:00:00,2025-06-07 13:00:00,LGW,FCO
787,A330-002,2025-06-07 10:00:00,2025-06-07 12:00:00,BCN,CDG
788,B737-004,2025-06-07 13:00:00,2025-06-07 15:00:00,CDG,LHR
789,B737-003,2025-06-07 12:00:00,2025-06-07 14:00:00,BCN,CDG
790,B737-001,2025-06-07 17:00:00,2025-06-07 20:00:00,FRA,LHR
791,B737-003,2025-06-08 11:00:00,2025-06-08 12:00:00,CDG,FRA
792,B737-002,2025-06-08 15:00:00,2025-06-08 18:00:00,ORY,LHR
793,A330-002,2025-06-08 16:00:00,2025-06-08 19:00:00,CDG,ORY
794,A330-003,2025-06-08 17:00:00,2025-06-08 19:00:00,CDG,LIS
795,B737-001,2025-06-08 13:00:00,2025-06-08 15:00:00,LHR,ORY
796,A320-002,2025-06-09 09:00:00,2025-06-09 11:00:00,FCO,LHR
797,A320-003,2025-06-09 17:00:00,2025-06-09 19:00:00,FCO,CDG
798,B737-003,2025-06-09 07:00:00,2025-06-09 09:00:00,FRA,MAD
799,B737-004,2025-06-09 15:00:00,2025-06-09 17:00:00,LHR,FCO
800,A330-002,2025-06-09 14:00:00,2025-06-09 17:00:00,ORY,BCN
801,A320-003,2025-06-10 15:00:00,2025-06-10 18:00:00,CDG,BCN
802,A330-003,2025-06-10 07:00:00,2025-06-10 08:00:00,LIS,CDG
803,A320-001,2025-06-10 08:00:00,2025-06-10 11:00:00,BCN,LGW
804,B737-004,2025-06-10 15:00:00,2025-06-10 18:00:00,FCO,LIS
805,B737-001,2025-06-10 18:00:00,2025-06-10 20:00:00,ORY,FRA
806,A320-003,2025-06-11 14:00:00,2025-06-11 17:00:00,BCN,ORY
807,A320-002,2025-06-11 14:00:00,2025-06-11 17:00:00,LHR,BCN
808,A320-001,2025-06-11 13:00:00,2025-06-11 15:00:00,LGW,ORY
809,B737-003,2025-06-11 13:00:00,2025-06-11 16:00:00,MAD,FRA
810,B737-001,2025-06-11 08:00:00,2025-06-11 10:00:00,FRA,BCN
811,A320-001,2025-06-12 07:00:00,2025-06-12 10:00:00,ORY,OPO
812,B737-003,2025-06-12 11:00:00,2025-06-12 13:00:00,FRA,CDG
813,A320-002,2025-06-12 13:00:00,2025-06-12 14:00:00,BCN,LGW
814,B737-001,2025-06-12 13:00:00,2025-06-12 15:00:00,BCN,FCO
815,B737-002,2025-06-12 07:00:00,2025-06-12 09:00:00,LHR,FCO
816,B737-003,2025-06-13 06:00:00,2025-06-13 08:00:00,CDG,OPO
817,A330-002,2025-06-13 16:00:00,2025-06-13 17:00:00,BCN,OPO
818,A320-002,2025-06-13 14:00:00,2025-06-13 15:00:00,LGW,ORY
819,B737-001,2025-06-13 08:00:00,2025-06-13 10:00:00,FCO,BCN
820,A320-001,2025-06-13 12:00:00,2025-06-13 14:00:00,OPO,BCN
821,B737-002,2025-06-14 12:00:00,2025-06-14 13:00:00,FCO,MAD
822,A320-003,2025-06-14 13:00:00,2025-06-14 16:00:00,ORY,LHR
823,B737-001,2025-06-14 12:00:00,2025-06-14 13:00:00,BCN,MAD
824,A320-002,2025-06-14 09:00:00,2025-06-14 11:00:00,ORY,LHR
825,A330-002,2025-06-14 15:00:00,2025-06-14 16:00:00,OPO,CDG
826,A330-003,2025-06-15 07:00:00,2025-06-15 09:00:00,CDG,FCO
827,B737-001,2025-06-15 14:00:00,2025-06-15 17:00:00,MAD,FCO
828,A330-002,2025-06-15 15:00:00,2025-06-15 17:00:00,CDG,MAD
829,B737-004,2025-06-15 15:00:00,2025-06-15 16:00:00,LIS,FRA
830,A320-002,2025-06-15 11:00:00,2025-06-15 13:00:00,LHR,MAD
831,B737-004,2025-06-16 16:00:00,2025-06-16 17:00:00,FRA,OPO
832,B737-001,2025-06-16 07:00:00,2025-06-16 08:00:00,FCO,LGW
833,A330-001,2025-06-16 07:00:00,2025-06-16 08:00:00,FRA,LHR
834,B737-003,2025-06-16 17:00:00,2025-06-16 18:00:00,OPO,MAD
835,A320-003,2025-06-16 12:00:00,2025-06-16 14:00:00,LHR,BCN
836,B737-004,2025-06-17 16:00:00,2025-06-17 19:00:00,OPO,FCO
837,B737-001,2025-06-17 14:00:00,2025-06-17 15:00:00,LGW,CDG
838,A320-003,2025-06-17 10:00:00,2025-06-17 11:00:00,BCN,FRA
839,B737-002,2025-06-17 11:00:00,2025-06-17 13:00:00,MAD,CDG
840,A320-002,2025-06-17 19:00:00,2025-06-17 21:00:00,MAD,LIS
841,A320-001,2025-06-18 14:00:00,2025-06-18 17:00:00,BCN,FCO
842,B737-003,2025-06-18 12:00:00,2025-06-18 15:00:00,MAD,FCO
843,B737-001,2025-06-18 12:00:00,2025-06-18 15:00:00,CDG,FCO
844,A320-002,2025-06-18 13:00:00,2025-06-18 14:00:00,LIS,FCO
845,B737-002,2025-06-18 15:00:00,2025-06-18 16:00:00,CDG,OPO
846,B737-002,2025-06-19 10:00:00,2025-06-19 11:00:00,OPO,BCN
847,A330-001,2025-06-19 15:00:00,2025-06-19 18:00:00,LHR,FCO
848,A320-001,2025-06-19 14:00:00,2025-06-19 17:00:00,FCO,FRA
849,B737-001,2025-06-19 15:00:00,2025-06-19 16:00:00,FCO,OPO
850,A320-002,2025-06-19 18:00:00,2025-06-19 21:00:00,FCO,LHR
851,A330-002,2025-06-20 14:00:00,2025-06-20 15:00:00,MAD,FCO
852,A330-003,2025-06-20 07:00:00,2025-06-20 10:00:00,FCO,MAD
853,A320-001,2025-06-20 10:00:00,2025-06-20 11:00:00,FRA,ORY
854,A320-003,2025-06-20 10:00:00,2025-06-20 12:00:00,FRA,FCO
855,B737-004,2025-06-20 13:00:00,2025-06-20 14:00:00,FCO,OPO
856,B737-002,2025-06-21 08:00:00,2025-06-21 11:00:00,BCN,MAD
857,B737-004,2025-06-21 18:00:00,2025-06-21 19:00:00,OPO,ORY
858,A330-002,2025-06-21 18:00:00,2025-06-21 19:00:00,FCO,ORY
859,A320-003,2025-06-21 14:00:00,2025-06-21 16:00:00,FCO,LGW
860,B737-003,2025-06-21 08:00:00,2025-06-21 10:00:00,FCO,BCN
861,A330-001,2025-06-22 08:00:00,2025-06-22 10:00:00,FCO,OPO
862,B737-004,2025-06-22 10:00:00,2025-06-22 13:00:00,ORY,LIS
863,A330-003,2025-06-22 17:00:00,2025-06-22 18:00:00,MAD,CDG
864,A320-003,2025-06-22 08:00:00,2025-06-22 11:00:00,LGW,ORY
865,B737-003,2025-06-22 19:00:00,2025-06-22 20:00:00,BCN,LGW
866,A320-003,2025-06-23 16:00:00,2025-06-23 18:00:00,ORY,LGW
867,B737-003,2025-06-23 13:00:00,2025-06-23 14:00:00,LGW,FRA
868,B737-001,2025-06-23 12:00:00,2025-06-23 15:00:00,OPO,CDG
869,A330-001,2025-06-23 17:00:00,2025-06-23 19:00:00,OPO,LGW
870,A330-002,2025-06-23 13:00:00,2025-06-23 15:00:00,ORY,FCO
871,B737-004,2025-06-24 19:00:00,2025-06-24 20:00:00,LIS,MAD
872,A320-001,2025-06-24 12:00:00,2025-06-24 13:00:00,ORY,BCN
873,A320-002,2025-06-24 19:00:00,2025-06-24 20:00:00,LHR,FRA
874,A330-002,2025-06-24 10:00:00,2025-06-24 12:00:00,FCO,FRA
875,B737-002,2025-06-24 11:00:00,2025-06-24 14:00:00,MAD,LHR
876,B737-004,2025-06-25 06:00:00,2025-06-25 07:00:00,MAD,LIS
877,B737-001,2025-06-25 06:00:00,2025-06-25 07:00:00,CDG,FCO
878,B737-003,2025-06-25 13:00:00,2025-06-25 15:00:00,FRA,CDG
879,A320-003,2025-06-25 12:00:00,2025-06-25 13:00:00,LGW,LIS
880,A330-003,2025-06-25 20:00:00,2025-06-25 23:00:00,CDG,ORY
881,A330-001,2025-06-26 10:00:00,2025-06-26 11:00:00,LGW,MAD
882,B737-001,2025-06-26 16:00:00,2025-06-26 19:00:00,FCO,LGW
883,B737-004,2025-06-26 06:00:00,2025-06-26 08:00:00,LIS,ORY
884,A320-001,2025-06-26 17:00:00,2025-06-26 20:00:00,BCN,LHR
885,A330-002,2025-06-26 12:00:00,2025-06-26 15:00:00,FRA,ORY
886,A320-002,2025-06-27 08:00:00,2025-06-27 11:00:00,FRA,OPO
887,B737-004,2025-06-27 14:00:00,2025-06-27 17:00:00,ORY,LHR
888,A320-001,2025-06-27 06:00:00,2025-06-27 07:00:00,LHR,FCO
889,A330-003,2025-06-27 19:00:00,2025-06-27 20:00:00,ORY,MAD
890,B737-002,2025-06-27 17:00:00,2025-06-27 18:00:00,LHR,FRA
891,B737-003,2025-06-28 07:00:00,2025-06-28 09:00:00,CDG,OPO
892,A320-002,2025-06-28 20:00:00,2025-06-28 22:00:00,OPO,MAD
893,B737-002,2025-06-28 12:00:00,2025-06-28 13:00:00,FRA,CDG
894,B737-004,2025-06-28 07:00:00,2025-06-28 10:00:00,LHR,CDG
895,A320-001,2025-06-28 15:00:00,2025-06-28 18:00:00,FCO,LIS
896,B737-001,2025-06-29 20:00:00,2025-06-29 22:00:00,LGW,CDG
897,B737-003,2025-06-29 19:00:00,2025-06-29 20:00:00,OPO,FCO
898,A330-002,2025-06-29 20:00:00,2025-06-29 21:00:00,ORY,OPO
899,A330-003,2025-06-29 18:00:00,2025-06-29 19:00:00,MAD,CDG
900,A320-002,2025-06-29 11:00:00,2025-06-29 13:00:00,MAD,FRA
901,A330-002,2025-06-30 09:00:00,2025-06-30 12:00:00,OPO,CDG
902,B737-001,2025-06-30 18:00:00,2025-06-30 21:00:00,CDG,LGW
903,B737-002,2025-06-30 19:00:00,2025-06-30 22:00:00,CDG,LIS
904,A330-003,2025-06-30 09:00:00,2025-06-30 12:00:00,CDG,LGW
905,B737-004,2025-06-30 09:00:00,2025-06-30 12:00:00,CDG,BCN
906,A320-003,2025-07-01 12:00:00,2025-07-01 13:00:00,LIS,FCO
907,A330-001,2025-07-01 13:00:00,2025-07-01 16:00:00,MAD,ORY
908,A320-001,2025-07-01 14:00:00,2025-07-01 15:00:00,LIS,CDG
909,B737-004,2025-07-01 20:00:00,2025-07-01 22:00:00,BCN,LGW
910,A320-002,2025-07-01 12:00:00,2025-07-01 15:00:00,FRA,CDG
911,A320-003,2025-07-02 06:00:00,2025-07-02 09:00:00,FCO,OPO
912,A330-002,2025-07-02 06:00:00,2025-07-02 08:00:00,CDG,OPO
913,B737-001,2025-07-02 06:00:00,2025-07-02 07:00:00,LGW,ORY
914,B737-004,2025-07-02 14:00:00,2025-07-02 16:00:00,LGW,FRA
915,B737-002,2025-07-02 18:00:00,2025-07-02 20:00:00,LIS,BCN
916,A320-003,2025-07-03 15:00:00,2025-07-03 16:00:00,OPO,BCN
917,B737-004,2025-07-03 07:00:00,2025-07-03 09:00:00,FRA,LHR
918,A320-002,2025-07-03 14:00:00,2025-07-03 15:00:00,CDG,OPO
919,A330-002,2025-07-03 14:00:00,2025-07-03 16:00:00,OPO,ORY
920,A330-001,2025-07-03 15:00:00,2025-07-03 18:00:00,ORY,FRA
921,A320-002,2025-07-04 09:00:00,2025-07-04 10:00:00,OPO,LIS
922,A330-001,2025-07-04 07:00:00,2025-07-04 09:00:00,FRA,MAD
923,A320-003,2025-07-04 10:00:00,2025-07-04 13:00:00,BCN,LIS
924,A330-002,2025-07-04 07:00:00,2025-07-04 08:00:00,ORY,CDG
925,B737-004,2025-07-04 17:00:00,2025-07-04 18:00:00,LHR,CDG
926,B737-001,2025-07-05 08:00:00,2025-07-05 10:00:00,ORY,LGW
927,B737-003,2025-07-05 17:00:00,2025-07-05 19:00:00,FCO,CDG
928,A330-002,2025-07-05 18:00:00,2025-07-05 19:00:00,CDG,OPO
929,A330-001,2025-07-05 18:00:00,2025-07-05 20:00:00,MAD,LGW
930,A320-003,2025-07-05 14:00:00,2025-07-05 15:00:00,LIS,LGW
931,A330-001,2025-07-06 06:00:00,2025-07-06 08:00:00,LGW,MAD
932,A320-002,2025-07-06 11:00:00,2025-07-06 12:00:00,LIS,ORY
933,B737-003,2025-07-06 18:00:00,2025-07-06 19:00:00,CDG,LGW
934,B737-002,2025-07-06 09:00:00,2025-07-06 12:00:00,BCN,OPO
935,B737-004,2025-07-06 06:00:00,2025-07-06 07:00:00,CDG,BCN
936,A320-001,2025-07-07 20:00:00,2025-07-07 21:00:00,CDG,FRA
937,B737-002,2025-07-07 20:00:00,2025-07-07 21:00:00,OPO,ORY
938,B737-004,2025-07-07 18:00:00,2025-07-07 21:00:00,BCN,FCO
939,A330-003,2025-07-07 09:00:00,2025-07-07 11:00:00,LGW,FRA
940,B737-001,2025-07-07 12:00:00,2025-07-07 15:00:00,LGW,ORY
941,A330-002,2025-07-08 14:00:00,2025-07-08 17:00:00,OPO,CDG
942,A330-001,2025-07-08 08:00:00,2025-07-08 09:00:00,MAD,LIS
943,A320-002,2025-07-08 06:00:00,2025-07-08 08:00:00,ORY,BCN
944,A330-003,2025-07-08 20:00:00,2025-07-08 22:00:00,FRA,OPO
945,B737-001,2025-07-08 18:00:00,2025-07-08 20:00:00,ORY,LGW
946,A330-002,2025-07-09 10:00:00,2025-07-09 13:00:00,CDG,LHR
947,A320-002,2025-07-09 17:00:00,2025-07-09 20:00:00,BCN,LHR
948,B737-003,2025-07-09 13:00:00,2025-07-09 15:00:00,LGW,ORY
949,A320-001,2025-07-09 18:00:00,2025-07-09 19:00:00,FRA,FCO
950,B737-001,2025-07-09 18:00:00,2025-07-09 19:00:00,LGW,BCN
951,B737-001,2025-07-10 11:00:00,2025-07-10 14:00:00,BCN,FCO
952,A320-001,2025-07-10 11:00:00,2025-07-10 12:00:00,FCO,LIS
953,A320-003,2025-07-10 19:00:00,2025-07-10 22:00:00,LGW,FRA
954,A330-003,2025-07-10 07:00:00,2025-07-10 08:00:00,OPO,LGW
955,A320-002,2025-07-10 09:00:00,2025-07-10 11:00:00,LHR,BCN
956,B737-003,2025-07-11 06:00:00,2025-07-11 07:00:00,ORY,OPO
957,A320-001,2025-07-11 12:00:00,2025-07-11 15:00:00,LIS,BCN
958,B737-001,2025-07-11 13:00:00,2025-07-11 16:00:00,FCO,LGW
959,A330-002,2025-07-11 15:00:00,2025-07-11 16:00:00,LHR,OPO
960,B737-004,2025-07-11 08:00:00,2025-07-11 11:00:00,FCO,BCN
961,A320-003,2025-07-12 09:00:00,2025-07-12 11:00:00,FRA,CDG
962,A320-002,2025-07-12 19:00:00,2025-07-12 21:00:00,BCN,LHR
963,A320-001,2025-07-12 17:00:00,2025-07-12 20:00:00,BCN,MAD
964,B737-002,2025-07-12 11:00:00,2025-07-12 13:00:00,ORY,MAD
965,A330-002,2025-07-12 09:00:00,2025-07-12 10:00:00,OPO,LGW
966,B737-002,2025-07-13 13:00:00,2025-07-13 15:00:00,MAD,CDG
967,B737-001,2025-07-13 12:00:00,2025-07-13 13:00:00,LGW,MAD
968,A320-002,2025-07-13 11:00:00,2025-07-13 12:00:00,LHR,BCN
969,B737-003,2025-07-13 10:00:00,2025-07-13 12:00:00,OPO,FCO
970,A320-001,2025-07-13 19:00:00,2025-07-13 20:00:00,MAD,LHR
971,A320-002,2025-07-14 09:00:00,2025-07-14 11:00:00,BCN,LIS
972,B737-001,2025-07-14 07:00:00,2025-07-14 10:00:00,MAD,CDG
973,A330-001,2025-07-14 11:00:00,2025-07-14 13:00:00,LIS,LHR
974,A320-003,2025-07-14 06:00:00,2025-07-14 09:00:00,CDG,BCN
975,A330-002,2025-07-14 10:00:00,2025-07-14 11:00:00,LGW,LHR
976,A320-001,2025-07-15 09:00:00,2025-07-15 10:00:00,LHR,BCN
977,A320-003,2025-07-15 07:00:00,2025-07-15 08:00:00,BCN,FRA
978,B737-003,2025-07-15 06:00:00,2025-07-15 07:00:00,FCO,OPO
979,A330-001,2025-07-15 08:00:00,2025-07-15 09:00:00,LHR,ORY
980,A330-002,2025-07-15 11:00:00,2025-07-15 14:00:00,LHR,FRA
981,A320-002,2025-07-16 20:00:00,2025-07-16 23:00:00,LIS,LHR
982,A330-001,2025-07-16 18:00:00,2025-07-16 19:00:00,ORY,FCO
983,B737-004,2025-07-16 20:00:00,2025-07-16 22:00:00,BCN,OPO
984,A320-001,2025-07-16 06:00:00,2025-07-16 08:00:00,BCN,OPO
985,A320-003,2025-07-16 08:00:00,2025-07-16 11:00:00,FRA,LIS
986,A320-003,2025-07-17 08:00:00,2025-07-17 10:00:00,LIS,FRA
987,B737-004,2025-07-17 20:00:00,2025-07-17 21:00:00,OPO,LHR
988,B737-003,2025-07-17 10:00:00,2025-07-17 12:00:00,OPO,LGW
989,A320-001,2025-07-17 06:00:00,2025-07-17 09:00:00,OPO,ORY
990,B737-002,2025-07-17 16:00:00,2025-07-17 18:00:00,CDG,LHR
991,B737-003,2025-07-18 12:00:00,2025-07-18 13:00:00,LGW,LHR
992,A320-003,2025-07-18 09:00:00,2025-07-18 12:00:00,FRA,MAD
993,B737-004,2025-07-18 09:00:00,2025-07-18 12:00:00,LHR,BCN
994,A320-001,2025-07-18 18:00:00,2025-07-18 19:00:00,ORY,BCN
995,A330-003,2025-07-18 18:00:00,2025-07-18 21:00:00,LGW,FRA
996,A330-002,2025-07-19 11:00:00,2025-07-19 13:00:00,FRA,BCN
997,B737-003,2025-07-19 08:00:00,2025-07-19 09:00:00,LHR,LGW
998,A330-003,2025-07-19 15:00:00,2025-07-19 16:00:00,FRA,LGW
999,B737-001,2025-07-19 20:00:00,2025-07-19 22:00:00,CDG,LIS
1000,A330-001,2025-07-19 18:00:00,2025-07-19 20:00:00,FCO,LIS
1001,A330-003,2025-07-20 16:00:00,2025-07-20 17:00:00,LGW,ORY
1002,A330-002,2025-07-20 14:00:00,2025-07-20 17:00:00,BCN,LHR
1003,B737-002,2025-07-20 18:00:00,2025-07-20 19:00:00,LHR,LIS
1004,A320-002,2025-07-20 11:00:00,2025-07-20 12:00:00,LHR,FRA
1005,A320-001,2025-07-20 09:00:00,2025-07-20 12:00:00,BCN,CDG
1006,A330-002,2025-07-21 15:00:00,2025-07-21 18:00:00,LHR,MAD
1007,B737-004,2025-07-21 15:00:00,2025-07-21 16:00:00,BCN,CDG
1008,A320-001,2025-07-21 14:00:00,2025-07-21 16:00:00,CDG,FCO
1009,A330-003,2025-07-21 13:00:00,2025-07-21 14:00:00,ORY,CDG
1010,A320-003,2025-07-21 06:00:00,2025-07-21 07:00:00,MAD,OPO
1011,B737-004,2025-07-22 11:00:00,2025-07-22 14:00:00,CDG,LIS
1012,B737-002,2025-07-22 18:00:00,2025-07-22 19:00:00,LIS,LHR
1013,A320-001,2025-07-22 17:00:00,2025-07-22 18:00:00,FCO,LGW
1014,A330-001,2025-07-22 06:00:00,2025-07-22 07:00:00,LIS,MAD
1015,A330-003,2025-07-22 15:00:00,2025-07-22 18:00:00,CDG,ORY
1016,B737-001,2025-07-23 15:00:00,2025-07-23 16:00:00,LIS,FRA
1017,A320-002,2025-07-23 10:00:00,2025-07-23 12:00:00,FRA,LGW
1018,A330-002,2025-07-23 08:00:00,2025-07-23 11:00:00,MAD,CDG
1019,A320-001,2025-07-23 18:00:00,2025-07-23 21:00:00,LGW,FRA
1020,B737-004,2025-07-23 16:00:00,2025-07-23 18:00:00,LIS,FCO
1021,B737-001,2025-07-24 12:00:00,2025-07-24 14:00:00,FRA,CDG
1022,A330-003,2025-07-24 08:00:00,2025-07-24 09:00:00,ORY,LGW
1023,A330-002,2025-07-24 17:00:00,2025-07-24 20:00:00,CDG,LIS
1024,A320-002,2025-07-24 19:00:00,2025-07-24 22:00:00,LGW,FRA
1025,B737-003,2025-07-24 08:00:00,2025-07-24 11:00:00,LGW,LIS
1026,A330-002,2025-07-25 17:00:00,2025-07-25 18:00:00,LIS,MAD
1027,B737-002,2025-07-25 11:00:00,2025-07-25 13:00:00,LHR,ORY
1028,A320-002,2025-07-25 16:00:00,2025-07-25 17:00:00,FRA,CDG
1029,A330-003,2025-07-25 13:00:00,2025-07-25 14:00:00,LGW,MAD
1030,B737-003,2025-07-25 09:00:00,2025-07-25 10:00:00,LIS,LGW
1031,A320-002,2025-07-26 06:00:00,2025-07-26 08:00:00,CDG,LIS
1032,A330-002,2025-07-26 17:00:00,2025-07-26 19:00:00,MAD,FCO
1033,A330-001,2025-07-26 20:00:00,2025-07-26 22:00:00,MAD,CDG
1034,A320-003,2025-07-26 20:00:00,2025-07-26 22:00:00,OPO,FCO
1035,A320-001,2025-07-26 14:00:00,2025-07-26 16:00:00,FRA,LGW
1036,A320-002,2025-07-27 18:00:00,2025-07-27 19:00:00,LIS,CDG
1037,B737-003,2025-07-27 06:00:00,2025-07-27 08:00:00,LGW,LHR
1038,B737-002,2025-07-27 07:00:00,2025-07-27 08:00:00,ORY,LGW
1039,B737-004,2025-07-27 08:00:00,2025-07-27 10:00:00,FCO,LGW
1040,A330-003,2025-07-27 17:00:00,2025-07-27 18:00:00,MAD,CDG
1041,A330-003,2025-07-28 17:00:00,2025-07-28 18:00:00,CDG,FCO
1042,A320-002,2025-07-28 16:00:00,2025-07-28 17:00:00,CDG,FRA
1043,A330-002,2025-07-28 08:00:00,2025-07-28 09:00:00,FCO,MAD
1044,A330-001,2025-07-28 11:00:00,2025-07-28 12:00:00,CDG,OPO
1045,A320-003,2025-07-28 12:00:00,2025-07-28 15:00:00,FCO,ORY
1046,A330-003,2025-07-29 09:00:00,2025-07-29 10:00:00,FCO,LHR
1047,B737-004,2025-07-29 12:00:00,2025-07-29 15:00:00,LGW,LIS
1048,A330-001,2025-07-29 19:00:00,2025-07-29 21:00:00,OPO,BCN
1049,A330-002,2025-07-29 06:00:00,2025-07-29 08:00:00,MAD,CDG
1050,B737-001,2025-07-29 12:00:00,2025-07-29 13:00:00,CDG,LIS
1051,A330-001,2025-07-30 08:00:00,2025-07-30 11:00:00,BCN,ORY
1052,B737-003,2025-07-30 07:00:00,2025-07-30 09:00:00,LHR,LGW
1053,B737-002,2025-07-30 10:00:00,2025-07-30 12:00:00,LGW,OPO
1054,A320-001,2025-07-30 13:00:00,2025-07-30 16:00:00,LGW,FCO
1055,A320-003,2025-07-30 07:00:00,2025-07-30 10:00:00,ORY,LGW
1056,A330-003,2025-07-31 08:00:00,2025-07-31 10:00:00,LHR,MAD
1057,A320-003,2025-07-31 10:00:00,2025-07-31 12:00:00,LGW,LIS
1058,B737-001,2025-07-31 10:00:00,2025-07-31 11:00:00,LIS,FCO
1059,B737-003,2025-07-31 15:00:00,2025-07-31 16:00:00,LGW,LHR
1060,B737-002,2025-07-31 18:00:00,2025-07-31 21:00:00,OPO,ORY
